0.9289265030007537, 0.9995995769890244, 0.9629680916302348, 0.5378694599247221, 0.946071890460452, 0.6858265343705704, 0.8256369426751592, 0.13801611433602587, 0.23649839919301785
0.9269605135335911, 0.9994557515762666, 0.9618440557367329, 0.548155428327837, 0.9485385269499114, 0.6947934020742341, 0.8632331595075533, 0.16466860149111381, 0.27657778696431035
0.9267744109022236, 0.9994882659379574, 0.9617589127437463, 0.5610995767541292, 0.9342948882346304, 0.7011293389479518, 0.8431277710600564, 0.21495807300230188, 0.3425754573295557
0.9285994207663854, 0.9996501517723929, 0.9628157735647107, 0.5512949842118772, 0.9456326981949237, 0.6965233785822021, 0.8564969530174956, 0.17848145341335026, 0.29540485109412346
0.9273063504470669, 0.9995376316465451, 0.9620681300097413, 0.571968043721654, 0.9265316159970489, 0.7073027643497443, 0.8406941666949124, 0.25417597507737083, 0.39033717590588973
0.9273488018257893, 0.9995387690257777, 0.9620915032679739, 0.9779683189348116, 0.7739601057832264, 0.8640860584213086, 0.8215975229949243, 0.9292235332778788, 0.8721025492747337
0.9281887100758108, 0.999365826215926, 0.9624631206686796, 0.5381394512651291, 0.9512450153256312, 0.6874013823143765, 0.8412022965214454, 0.12814602926347415, 0.2224107294336152
0.9291405290662809, 0.9995084837748446, 0.9630407971979675, 0.5368537619072467, 0.9487392288855419, 0.6856982057035375, 0.8238909673971139, 0.1268150220064991, 0.2197982390475172
0.926693447054792, 0.9995687575082398, 0.9617525747733953, 0.5509974394092777, 0.9478488014751075, 0.6968857089060441, 0.8641766574444103, 0.17301794085365227, 0.2883124652792616
0.9293631178707225, 0.9995603811393285, 0.9631844422989774, 0.9790562705021448, 0.7973776960305798, 0.8789267126895044, 0.8387171417993335, 0.9306350070350933, 0.882288507319543
0.926956736571043, 0.999569645674939, 0.9618947607144794, 0.5241331675645807, 0.9734708538587848, 0.6813928847224467, 0.981705377028317, 0.0633143865553116, 0.11895674300254452
0.928967855586915, 0.9995414293138764, 0.9629633265755926, 0.5504961811611889, 0.9493275844369161, 0.6968834897680044, 0.8681527653055834, 0.16950463598015655, 0.28363102942445423
0.9282950342742511, 0.9995802620802621, 0.9626197248362179, 0.5600837480945472, 0.9381748823282094, 0.7014229636898921, 0.8476138828633406, 0.20882192738147848, 0.3350896722325294
0.9281063198939852, 0.9995995440963559, 0.9625271900336168, 0.544527032589648, 0.9506108202443281, 0.6924221577483325, 0.8682426659071489, 0.15600659153949295, 0.26448948427847574
0.9282875757054699, 0.9995474135714212, 0.9626004824146488, 0.5602778388681182, 0.9379909180166912, 0.7015237046215981, 0.8477990549614524, 0.20977385775088456, 0.33632873198444474
0.9280620243967725, 0.9995675497575189, 0.9624885363737762, 0.9794311384801756, 0.7927037267778538, 0.8762298274431443, 0.8349746893695352, 0.9307861202881005, 0.8802810068116983
0.9282341381514304, 0.9995993548585929, 0.9625958351882079, 0.9795231771327388, 0.7952232798365318, 0.8778038468949415, 0.8380690188568062, 0.9309896898780787, 0.8820890025972012
0.9273282151542607, 0.9995785188535713, 0.9620988368929061, 0.5666331130465229, 0.931764439783686, 0.7047109549043774, 0.8475200346545376, 0.23967414606259826, 0.37367499602100906
0.9285809701919774, 0.9994967545805603, 0.9627347011455593, 0.552714542211867, 0.9447187182461074, 0.6974064055645216, 0.8546794538668683, 0.185163198673531, 0.3043829393455035
0.9284101474299375, 0.9995709995709996, 0.962677317173943, 0.525126531515336, 0.9744818878886482, 0.6824798890031128, 0.9849421461404343, 0.06394517221153154, 0.12009353922269679
0.9284120809975975, 0.999599679743795, 0.9626916575224651, 0.5597239060110755, 0.9385355588697979, 0.7012414087871746, 0.8442947870934743, 0.20381955877510702, 0.3283683534336276
0.9276778063410455, 0.9994973482555933, 0.9622493370795949, 0.5246098041705544, 0.9740648481307214, 0.6819411650722339, 0.9802932366388144, 0.06379660599593705, 0.11979693475517537
0.92826633285874, 0.9996295534060506, 0.9626271484558864, 0.9786501463954058, 0.7946452258025019, 0.8771011065123744, 0.8362519626858779, 0.9304005590151468, 0.8808175733520118
0.9266910490123245, 0.9995685182711965, 0.9617511725719482, 0.5248782962019594, 0.9730182739871632, 0.6819111332356828, 0.9805650824759105, 0.06169528448267004, 0.11608662026295437
0.9288735689255125, 0.99959925605483, 0.9629394995248653, 0.5235800629243252, 0.974691738594328, 0.6812237423246795, 0.9834873504014543, 0.06633899101787229, 0.12429400164653176
0.9279928335906379, 0.9995073183749718, 0.96242340383475, 0.5237114424024805, 0.9742841042979355, 0.6812353143446616, 0.9854685151160848, 0.06053206660579261, 0.11405815032477574
0.9287353257609658, 0.9995798620717924, 0.9628562121825307, 0.5230693708253126, 0.9744951960129477, 0.6807433887501076, 0.9847600518806745, 0.062234881862333245, 0.11707110228783994
0.9279520761592247, 0.9992809450436569, 0.9622965333386091, 0.9791485555177584, 0.7951136665916392, 0.877586625487683, 0.8372146709019723, 0.9307962385019711, 0.8815287986621553
0.9286321805028621, 0.9995371227550454, 0.9627809510598982, 0.523777536738593, 0.9741633555892353, 0.6812617044970334, 0.9809233728759218, 0.06267540714944177, 0.11782262101898563
0.926645821814646, 0.9995064521104313, 0.9616980861409696, 0.5249566188092001, 0.9732689903895412, 0.6820388000976464, 0.9831401475237092, 0.06688720018025031, 0.12525291269118283
0.9283479616968268, 0.9995085693224399, 0.9626149333201863, 0.547171702284451, 0.9528571135248342, 0.6951552441476833, 0.8742237778028678, 0.1589611989324574, 0.2690082859971859
0.928866863623368, 0.9995692661114985, 0.9629219810509885, 0.5442573159084303, 0.9406662360431853, 0.6895499503953342, 0.8220432654350229, 0.1602520034065607, 0.2682168678837006
0.9283582374200192, 0.999496945742005, 0.9626150666917151, 0.9808983487542677, 0.7926320215788232, 0.8767726272320923, 0.836129435328274, 0.9325149602426428, 0.881695844676749
0.9014018260628978, 0.9995193585993905, 0.9479283857702603, 0.5559890921907753, 0.9229237449062336, 0.6939361431184448, 0.8538767840365085, 0.19616408506439445, 0.31903512144564616
0.9272801620434208, 0.9994670055964412, 0.9620213201525264, 0.5518479635417909, 0.9474719129891543, 0.6974635017923985, 0.8605512970201533, 0.17423300272367542, 0.289792638938749
0.9276812977099237, 0.9995579042605691, 0.9622792778525615, 0.5230248817715777, 0.9746218470112803, 0.68073660698254, 0.983341045812124, 0.0650596507700001, 0.12204460610701637
0.928590453360729, 0.9995392365661862, 0.9627595049065536, 0.980266078200104, 0.7940191485864563, 0.8773674323043481, 0.8379912462566229, 0.9328252574570222, 0.8828688894605785
0.9286277714948252, 0.9995703544575725, 0.9627939973790263, 0.978294397249191, 0.7970892086479138, 0.8784444154355217, 0.8399138417165096, 0.9303487681500747, 0.8828213437237346
0.9276305167485018, 0.9994372134905043, 0.9621960289822236, 0.9775644370238965, 0.7701572294728188, 0.8615540253141274, 0.8195996128203504, 0.9296033325809033, 0.8711425206124853
0.928949724714713, 0.9995182945577534, 0.962942849243651, 0.5521131826629099, 0.9453220425968694, 0.6970916040645637, 0.8603438284720881, 0.18271883493154198, 0.3014220094236674
0.9274080301105263, 0.9995366890771876, 0.9621224133830175, 0.5232699200441135, 0.9736815103632259, 0.680714465047882, 0.9809862420776009, 0.06481263979246882, 0.12159184533731869
0.9274994029137807, 0.9995778722703265, 0.9621906621341711, 0.5515318502934602, 0.9467717278668678, 0.6970213119521416, 0.864072936473112, 0.18102057075153719, 0.29933202158473865
0.928003204944772, 0.9995376791493297, 0.9624430561944474, 0.5360632635710376, 0.9467957090991371, 0.6845457418527263, 0.8285642570281124, 0.1348227413821271, 0.23190951243501476
0.927087096222218, 0.9995797673345974, 0.9619696289683812, 0.9769303260664698, 0.7970495971131568, 0.8778700509792188, 0.8388058038822513, 0.927794720142932, 0.8810589439812784
0.9278257225048103, 0.999568996480138, 0.962362112147963, 0.9782723967276032, 0.7945428817521841, 0.8768870380010412, 0.8369864278459976, 0.9295081462949482, 0.8808243335810998
0.9280526792957007, 0.9995271964806973, 0.9624648030206308, 0.9768492874767108, 0.7953364423717522, 0.8767973062299083, 0.8381403596265203, 0.9294368259885502, 0.8814308330338672
0.9282571136756298, 0.9995785708412137, 0.9625985518507704, 0.9791789912291983, 0.7790670309318435, 0.867735299648411, 0.8245846934414752, 0.9303043670048522, 0.8742600983322086
0.929672235830085, 0.9995388824560145, 0.9633404440230703, 0.5469503025423026, 0.9491621202313801, 0.693991308299935, 0.865809906291834, 0.16569654239511386, 0.2781595946910724
0.9272133464480456, 0.9995882019869254, 0.9620414957493609, 0.5484096015135391, 0.9485330960926874, 0.6949960851306143, 0.8647213431314703, 0.16521819337118496, 0.27742929175593933
0.9263280672141407, 0.9996316042611108, 0.9615848406546081, 0.5527164803210631, 0.9448775227237713, 0.6974512152593514, 0.8617894072527793, 0.1822325333114337, 0.3008482116377009
0.9263134821930602, 0.9995372465139237, 0.9615333250896501, 0.5399784407002086, 0.9446163937114396, 0.6871537951138049, 0.8271019730994845, 0.14290247947421225, 0.24369975296572072
0.9301441877297575, 0.9994883183069476, 0.9635702622842457, 0.9805436193404489, 0.7971173349177406, 0.8793671422517305, 0.8380540220637871, 0.9327226882107755, 0.8828577830165704
0.9288042545891233, 0.9994871900063589, 0.9628502549104849, 0.5487303306288873, 0.9512305214456447, 0.6959768820836149, 0.8720223691993332, 0.16629579876741968, 0.2793241241517104
0.926939811457578, 0.9994238860940506, 0.9618181548164173, 0.9805234941658783, 0.7947142418975565, 0.8778947962842703, 0.8369596295920532, 0.9308318032147876, 0.8814033451832858
0.9281017097764138, 0.9995688947281984, 0.9625105016061279, 0.5222523976621073, 0.9740273083126997, 0.6799371736760571, 0.9869270230018203, 0.061017157238881556, 0.11492879579133987
0.928775989461023, 0.9995171563591535, 0.9628489712707948, 0.9790794979079498, 0.7948810049157952, 0.8774171622769754, 0.8379925807965979, 0.9316202580869637, 0.8823295663804299
0.9280653639584048, 0.9994154745423781, 0.9624198255047475, 0.9767704955124821, 0.7981880373486179, 0.8784954806762876, 0.8394296514536661, 0.9280051622418879, 0.8814979130790112
0.9270807595081063, 0.9994774804311298, 0.961918848296603, 0.9811024618695019, 0.7963098038812809, 0.8790999410243615, 0.8392891778810185, 0.9314452063921604, 0.8829691098306336
0.927624561938138, 0.9996100404326499, 0.9622729113773993, 0.5243277248321037, 0.9736340533672173, 0.681597268302481, 0.9850294632903328, 0.06345802638868939, 0.11923466191141742
0.9275664458152464, 0.9994153606301797, 0.9621514337625405, 0.5229780018937309, 0.974249059080514, 0.6806059542274585, 0.9894827586206897, 0.058865764721569756, 0.1111207923092562
0.9295590397799973, 0.9995379592172002, 0.9632792400554127, 0.9806938616057364, 0.7950166520237828, 0.8781475860279058, 0.8367659401776408, 0.933172186792841, 0.8823435015390899
0.9296132438989582, 0.9994885276757675, 0.9632853861245576, 0.5448121913064876, 0.9538209047081752, 0.6935029775999463, 0.87275664034458, 0.15001079658211058, 0.2560169870754328
0.9297985838221615, 0.9994592443705298, 0.9633712782435523, 0.5537743359629442, 0.945349340032535, 0.6984216331342943, 0.8616343360509793, 0.18887051549356532, 0.30982688176572176
0.92840943741424, 0.9994050610838145, 0.9625999713485449, 0.5561004964645705, 0.94407666217155, 0.6999193362089533, 0.8551517702633179, 0.1882483758378206, 0.308569885577345
0.926166270783848, 0.9995795734208367, 0.9614735907678651, 0.9794125443368719, 0.7964361964197734, 0.8784977950375608, 0.8387717885343479, 0.9287998687933084, 0.8814931195672794
0.9279394135444218, 0.9994876104199545, 0.9623855383643827, 0.5479967526118363, 0.9489871313342775, 0.6947861921809787, 0.8675105937885533, 0.16592457321076823, 0.2785686603797959
0.9298479721679455, 0.9994467723263224, 0.9633919930477376, 0.5504270647431344, 0.9474387161731769, 0.6963186130711699, 0.8604210316272574, 0.17679920456758613, 0.2933258505310239
0.926093916755603, 0.9994446843956315, 0.9613722018339549, 0.5248107699856114, 0.973016343510124, 0.681853669018372, 0.9834496186921954, 0.06221451227148151, 0.1170257954896509
0.9287153484019443, 0.9994964287549458, 0.9628067674457743, 0.5481189903133633, 0.9486287666594847, 0.6947883360322822, 0.8653433195411931, 0.16906106745252128, 0.282860102207651
0.9275533536585366, 0.9995585170278956, 0.9622107245044698, 0.9793407261127146, 0.7946995377503852, 0.8774114524854547, 0.8373747051886793, 0.9298319198780575, 0.8811847112145229
0.9279480761727115, 0.9994874738611669, 0.9623901338873727, 0.5662758513450474, 0.9327411687566592, 0.7047135453957885, 0.8451290903632542, 0.2313737979781376, 0.36328881145954317
0.928838342810723, 0.9995166399275989, 0.962882236675897, 0.5579821929622116, 0.9395606643213613, 0.7001577515451268, 0.8458920339494206, 0.2014156750102585, 0.3253598031336222
0.9266826349591091, 0.9995162369409706, 0.9617224406524516, 0.5253992975014912, 0.9741943411876747, 0.682639628876188, 0.9813281132359585, 0.06670965892805962, 0.12492691669941437
0.9284370903702578, 0.9996113804176637, 0.962710528907712, 0.5477843348273945, 0.9508745278370833, 0.6951203955908726, 0.8692842942345924, 0.16178798281497317, 0.27280289769674704
0.9278327979166271, 0.999518777900643, 0.9623426425212686, 0.9783521892637167, 0.7808344560198278, 0.8685048872416968, 0.8272064186725018, 0.9296377888211487, 0.8754360149559763
0.9292638421622854, 0.9994582549676997, 0.963083711722005, 0.9776436424504495, 0.7948778752667773, 0.8768382143872618, 0.837620712236785, 0.9297378093102777, 0.8812786274357581
0.9280854271836322, 0.9995477856915281, 0.9624919590281558, 0.5480418187852638, 0.9487703025763623, 0.6947642857947864, 0.8643907064959696, 0.16786715504716693, 0.281136747230528
0.9274790988211544, 0.9995587254348607, 0.962170865787823, 0.5249769727589116, 0.9746062951813397, 0.6823840641791741, 0.9847773279352227, 0.062437752199850094, 0.11743009423760235
0.9290560500085762, 0.999518166160912, 0.9629999111049653, 0.97855424476721, 0.7786900350115682, 0.8672561326697565, 0.8247152339588626, 0.9311429570080392, 0.8747036470128102
0.9290070935546165, 0.9995474182267023, 0.9629871867288997, 0.9806442693211669, 0.7948796316105831, 0.8780441143371596, 0.8359440623990401, 0.9324464853845125, 0.8815621684237168
0.9282471950743698, 0.9995900925366099, 0.9625985611794776, 0.5512203876525484, 0.9458319219043513, 0.6965178642295874, 0.8591597966135163, 0.1785062257687337, 0.29559678994522526
0.9279918961019104, 0.9994750764226973, 0.9624079525069624, 0.5495512618718111, 0.9482633159442867, 0.6958395379269888, 0.8631141655554416, 0.17212494374667595, 0.28701287626844035
0.9269692476923813, 0.9994533997504202, 0.961847668578915, 0.9772410589874594, 0.7964804583589113, 0.877650069616293, 0.8384675051249376, 0.9284640633148256, 0.8811738503864798
0.9286355733037812, 0.999578384492776, 0.9628019156196297, 0.5500915821482979, 0.9502165610313015, 0.6967983661455752, 0.8675032679738562, 0.17000368882695302, 0.2842944900914177
0.9263634461374575, 0.9995279243036883, 0.9615559285220654, 0.9758080808080808, 0.7949801985290336, 0.8761613241504407, 0.8382426360459311, 0.9266477928926954, 0.8802310623528555
0.9286321723759018, 0.9995063455170002, 0.9627666688130606, 0.9795712484237075, 0.7935599869238313, 0.8768088132379168, 0.8356810539407619, 0.931514305079176, 0.8809992084419904
0.9276714528803319, 0.9995673760326322, 0.9622783705525366, 0.9760148527271815, 0.7946968458898512, 0.8760725143564914, 0.8365656603006156, 0.9280513567282647, 0.8799369931742606
0.92786348850039, 0.9995081866431689, 0.9623542410670245, 0.5226912739454614, 0.9734107610874145, 0.6801585705667749, 0.9838004211890491, 0.06221889823475775, 0.11703603777221044
0.9296612508685265, 0.9995292624771027, 0.9633300786065825, 0.9768975653878044, 0.7962870045158054, 0.8773940956453551, 0.8372328093847081, 0.9295642683579753, 0.8809859532882186
0.9279902668998555, 0.9996416394483295, 0.9624842883548983, 0.5613814583422745, 0.9381551040481972, 0.7024341968991415, 0.849642399437761, 0.21136639447106978, 0.33851906146282007
0.9279633579645007, 0.9994974358974359, 0.9624029706294811, 0.5357993221910031, 0.9502316836362515, 0.685225934075704, 0.8344878606496738, 0.12704133348350038, 0.22051218255167143
0.927991548571918, 0.9994874686074522, 0.9624135106057465, 0.5256090426412636, 0.9734937542166704, 0.6826444740727997, 0.9843024187089541, 0.06327289201906938, 0.11890249801667925
0.9276021558808915, 0.9985187013948895, 0.9617549143944197, 0.548524710943163, 0.9484476771661633, 0.6950655764858231, 0.8652173913043478, 0.17269014803471158, 0.2879148936170213
0.9277853474478566, 0.9994559917885553, 0.9622880183420959, 0.9805043843024285, 0.7961078397176798, 0.8787367515173475, 0.837993413466417, 0.9307765607549412, 0.8819514563106796
0.9280265876908134, 0.9995897141333224, 0.9624797534863508, 0.5510339429643483, 0.9458009865553629, 0.696360616128058, 0.8595427435387674, 0.17738163616968902, 0.29407563596789554
0.9293184997668377, 0.9994575396866012, 0.9631127330111451, 0.9789409816586822, 0.7957032333631292, 0.8778621627748809, 0.8380881158135756, 0.9313313087372266, 0.8822528914374574
0.9276370323084692, 0.9994969767274743, 0.9622272296015181, 0.5364656217930777, 0.948583918427103, 0.685340990774571, 0.8326578963775797, 0.1361421464687653, 0.23402111534586237
0.927770039497033, 0.9994450211200296, 0.9622746995581811, 0.5358230125233515, 0.9497680027798786, 0.6851247041823637, 0.827600730029482, 0.12110566700563927, 0.2112922158800706
0.9283576380588094, 0.9995264030310206, 0.9626284059810415, 0.9808652982762327, 0.7925646606783368, 0.8767182130584192, 0.8359729545997391, 0.9331890805422811, 0.881909986044348
0.9279687648795353, 0.9994564046810737, 0.9623868568804349, 0.980945391973278, 0.7941287936985937, 0.877706393456542, 0.836797167462703, 0.9320338495666105, 0.8818516611118129
