0.5950461538461539, 0.7104787597007753, 0.5955049140078839, 0.531246866403672
0.5327641025641026, 0.746746246782483, 0.5318549317515356, 0.4020257879379947
0.8960410256410256, 0.9072180035258598, 0.8962010861623868, 0.8953496244848692
0.6054358974358974, 0.7124221147103766, 0.6058501297176369, 0.5490638245986412
0.593851282051282, 0.7127371327317447, 0.5949510776196905, 0.529200340862562
0.593748717948718, 0.7157031278262176, 0.5932427043406232, 0.5262715469037166
0.8963538461538462, 0.9072701174178899, 0.8962590928949226, 0.8956384486801414
0.5318717948717949, 0.7469955609513901, 0.5323737669344674, 0.40234056768790555
0.6061897435897435, 0.7129098674152976, 0.606602987551603, 0.5502325727480408
0.8969435897435898, 0.9078320541080476, 0.8969670592738646, 0.8962550534378917
0.5324461538461538, 0.7469835573375546, 0.5329951391306472, 0.4035897197233258
0.8981076923076923, 0.9094184154684481, 0.8982024263250067, 0.8974147129001899
0.5952, 0.7112318508668618, 0.5943498152712124, 0.5297472117681428
0.8970974358974358, 0.9085235409137141, 0.8967142242718555, 0.8963063672658815
0.6161179487179487, 0.7112283447301766, 0.6161145075204328, 0.5674199292420268
0.5941948717948718, 0.7125151876283342, 0.5937426214619078, 0.5280373353744221
0.5967282051282051, 0.7122133085569311, 0.5957449055267858, 0.5320623601078491
0.6254153846153846, 0.7059774422756055, 0.6242347314648455, 0.5836092380586733
0.8888205128205128, 0.9026360597558967, 0.888793921137613, 0.8878536587752472
0.5308358974358974, 0.7456568612427408, 0.5315684438117766, 0.40070370377871667
0.8975948717948717, 0.909365070377788, 0.8973262188612368, 0.8968075340702945
0.5896153846153847, 0.7132056464805991, 0.5900714897029452, 0.520618596761623
0.8962974358974359, 0.9075875908022855, 0.8961441067791253, 0.8955479513847511
0.5313282051282051, 0.7484206194327496, 0.5313713466972865, 0.4003794277438361
0.8821948717948718, 0.8974748638928748, 0.8820953987552403, 0.8810321269402054
0.897025641025641, 0.9082611654383465, 0.8969584924568522, 0.896300892108552
0.8970358974358974, 0.9079797467705235, 0.8971511454705956, 0.8963599558304117
0.8959076923076923, 0.9069494778738899, 0.8958368009493194, 0.8951846374396741
0.5934820512820513, 0.7131264173412517, 0.5929739600766107, 0.5265067748960663
0.8959230769230769, 0.9070459750601239, 0.895992653218104, 0.8952189698249557
0.8977282051282052, 0.9091199744771075, 0.8977710158503658, 0.8970184142753135
0.6244564102564103, 0.7042314559255681, 0.6247060941708746, 0.5840705987747344
0.8952923076923077, 0.9063478761727057, 0.8953049979164891, 0.8945774042474164
0.6234358974358974, 0.7130578898439632, 0.6221144621074504, 0.5778230539922993
0.6154051282051282, 0.7128641811803749, 0.6161833682348998, 0.5665208267847366
0.8874717948717948, 0.9014494834168258, 0.887683668413733, 0.8865225316765541
0.532, 0.748361613011832, 0.5309686142300268, 0.40010767589379037
0.8967641025641025, 0.9082875822244784, 0.8969125724929962, 0.8960552647780723
0.8986307692307692, 0.9102204524993175, 0.8987689402745427, 0.8979323090538778
0.8986974358974359, 0.9099286373646656, 0.8987875242894541, 0.898013564819707
0.5952205128205128, 0.711546510535993, 0.5948930877926919, 0.5303170606349084
0.5317641025641026, 0.7450393344001628, 0.5331378241245164, 0.4036576129954287
0.5946153846153847, 0.7115325644351601, 0.5947449511137581, 0.5297729225579149
0.5945384615384616, 0.7144740013105308, 0.5959427865831354, 0.530298728270785
0.6330769230769231, 0.7166629221829234, 0.6332233446312265, 0.5940524559787862
0.6003128205128205, 0.7107712690750847, 0.600587257416523, 0.5403689926934335
0.8973538461538462, 0.9085459097609874, 0.897354694953042, 0.8966461461091102
0.8983282051282051, 0.9097147222650988, 0.898209560374166, 0.8975969775719973
0.6163435897435897, 0.7107423062678107, 0.6168572943367914, 0.5685076202148305
0.5938974358974359, 0.7107928752415226, 0.5937025362493409, 0.5283011155825529
0.5964205128205128, 0.7142889102711538, 0.5968989212746639, 0.5326370060237142
0.8980410256410256, 0.9093694530460732, 0.8982128953792701, 0.8973589578549273
0.6272461538461539, 0.7122499278887635, 0.6274860437200342, 0.5860129974267216
0.5732205128205128, 0.6940570649039679, 0.5731597989702516, 0.49445069579539747
0.8962307692307693, 0.9074513566999379, 0.8961007822562221, 0.8954891023783379
0.5718410256410257, 0.6905999418744128, 0.5706660074262307, 0.4912017214746761
0.6010666666666666, 0.7120088448841051, 0.6004158935160278, 0.5402710772640593
0.8994615384615384, 0.9107945081250487, 0.8993144774314787, 0.8987389037836288
0.5942307692307692, 0.7102411533192583, 0.5950625100636997, 0.5302886184295507
0.8967794871794872, 0.9077924560879791, 0.8967516867915937, 0.8960731459559284
0.5338666666666667, 0.7460567522489979, 0.5327352061226869, 0.4040179662118141
0.8978307692307692, 0.9091336149283085, 0.8980779311365561, 0.8971606458736077
0.599374358974359, 0.7122432655743249, 0.5989736214226421, 0.5374794439159256
0.8993230769230769, 0.9108463287849253, 0.8990833702181433, 0.898572020674453
0.8960307692307692, 0.9070550977285621, 0.8961321787564365, 0.8953391241869264
0.5948307692307693, 0.7143206705224063, 0.5949953264585256, 0.5294061118767187
0.6126871794871794, 0.7124944647232682, 0.6124655625378901, 0.5609166384367792
0.5865435897435898, 0.7093693859105824, 0.5870728714690948, 0.5161416319012154
0.5792512820512821, 0.7127995790972472, 0.5796083734897824, 0.5014127397254176
0.5347076923076923, 0.7473281088396453, 0.5340505865571987, 0.4063337031322389
0.5319538461538461, 0.745358214547158, 0.5326796481294507, 0.40301981408953796
0.5316923076923077, 0.7479464743232982, 0.5316108758590972, 0.4009811464203083
0.5972461538461539, 0.7108044289447295, 0.5972386258923292, 0.5345559617827045
0.898425641025641, 0.909752893400172, 0.898382181742754, 0.8977115402059622
0.5342871794871795, 0.7481816591676578, 0.5335814963386294, 0.4053118891119404
0.8970820512820513, 0.9080133795196753, 0.8971644039833726, 0.8964018271750194
0.5312, 0.74749070607569, 0.5309073757271632, 0.39968857362173177
0.5302, 0.7453927014028607, 0.5314547541017899, 0.40022812314772177
0.5927128205128205, 0.7140110923695696, 0.5917132843974293, 0.5242713889398045
0.5313692307692308, 0.7466591467358822, 0.5315129165929389, 0.40079181936822705
0.6014923076923077, 0.6995058706481324, 0.6020946185423814, 0.5463953243695349
0.8978512820512821, 0.9098403938712463, 0.8977138147269237, 0.8970755496284991
0.5939384615384615, 0.7128295625403429, 0.5935546546268556, 0.5275660139071279
0.5953282051282052, 0.7112669238153528, 0.5954648997998696, 0.5311435341977208
0.5323897435897436, 0.7472703468595955, 0.5316763338589127, 0.401506269539302
0.5702717948717949, 0.703931394546343, 0.5723744252032079, 0.4889149020475211
0.5962615384615385, 0.7110519420833409, 0.5961101742302463, 0.5325451774171273
0.5924, 0.7142226312269959, 0.5915544858419867, 0.5238302542118061
0.5299589743589743, 0.7461109762263188, 0.5303287350237023, 0.39829168993760883
0.8981282051282051, 0.9095984096225489, 0.8981041841013734, 0.8974059801352237
0.8975897435897436, 0.9088492531880508, 0.8976681204326598, 0.8968928039569352
0.8977333333333334, 0.9092777836968122, 0.8976112258180415, 0.8969864537898535
0.5319025641025641, 0.7479388188327225, 0.5310633268969769, 0.400245177811462
0.5334153846153846, 0.7476945358513488, 0.5330191520282906, 0.4040532332064407
0.5995076923076923, 0.7132481752916114, 0.5993877920076895, 0.5377494623007983
0.6137435897435898, 0.7132441677125146, 0.6138801310413338, 0.5628830885362203
0.594225641025641, 0.7138384742186543, 0.5946966172954764, 0.5288162438949369
0.5295333333333333, 0.7460739695113804, 0.531320738842664, 0.3996111520826315
0.8978410256410256, 0.9096129166192917, 0.8976173668904573, 0.8970637369999368
0.6162102564102564, 0.7115445843802245, 0.6162825294180772, 0.5675574802547136
