0.9533403087614009, 0.9943375441414173, 0.9734074451090763, 0.9666434459537908, 0.8539792600494395, 0.9068253976898318, 0.8703337077154442, 0.934233111283665, 0.9011520760035084
0.952686558322308, 0.9937996951345116, 0.9728089366550052, 0.9649197984828305, 0.8538225046116007, 0.9059779801549545, 0.870414692056106, 0.9330968638835507, 0.9006664989319244
0.9535229578269349, 0.9941061105463656, 0.9733917143819468, 0.9674137508604497, 0.8509996305267047, 0.9054802972475662, 0.8681202793216475, 0.9354901458919888, 0.9005469866456414
0.9531809771268848, 0.9943019650520524, 0.9733073374672121, 0.9648897080131215, 0.8531166089327075, 0.9055671897522369, 0.8687407407407407, 0.93199622656987, 0.8992574783946495
0.9534646472573177, 0.9939666632580019, 0.9732944816606086, 0.9667706908844396, 0.8493766815222525, 0.9042795685993692, 0.8660177715978248, 0.9342737958244287, 0.8988518586248992
0.9525195990675074, 0.9940767659347315, 0.9728545881974723, 0.9672532338888241, 0.8496089751463785, 0.904622292945036, 0.8661487046188123, 0.9340212536577853, 0.8988054658090524
0.9539910164043994, 0.9941514477983427, 0.9736572838713561, 0.9669309543549084, 0.8504539479089639, 0.9049599195659183, 0.867199391171994, 0.9349647695921067, 0.8998080159509626
0.9527136422957286, 0.9935023074482998, 0.9726805517987558, 0.967828637537541, 0.8509282947528486, 0.9056215897037758, 0.8675344709377618, 0.934947251754854, 0.8999802430109651
0.9528435599125967, 0.9941158348736907, 0.9730422458764285, 0.9668422215246533, 0.8536512759448972, 0.9067278704253916, 0.8694906043531734, 0.9334506970174613, 0.9003361452384361
0.9537997991295615, 0.9938236139040506, 0.9734004602413755, 0.9650916416769906, 0.8539756369932484, 0.9061399312953864, 0.8694500492478938, 0.9332409545804465, 0.9002168338300379
0.9539594481810595, 0.9938317699649137, 0.9734875052604156, 0.9658134560840657, 0.8537417412480348, 0.9063261866713208, 0.8701291253691685, 0.9345001026483268, 0.9011665602557821
0.9543193125282677, 0.9939376561667964, 0.9737256593665666, 0.9681398339763826, 0.8501452757158551, 0.9053140255068851, 0.8667065663474692, 0.9362320030375486, 0.9001287547296397
0.9539540327101425, 0.9937505762788268, 0.9734457323498419, 0.9645966134877813, 0.8491541594427403, 0.9032015189210423, 0.8655816699680025, 0.9330589032377277, 0.898054559287034
0.9520545246818737, 0.993974293059126, 0.9725629081103923, 0.966266875253491, 0.8532863969873415, 0.9062690200852099, 0.86957477095335, 0.9332711296127306, 0.9002977220799003
0.9540915805022157, 0.9942737516162797, 0.9737683169510944, 0.9678557291545393, 0.8530223585786552, 0.9068180702586842, 0.8699645903137374, 0.9364529647427687, 0.9019851667628903
0.9530958505979616, 0.9940501792114695, 0.9731423186429803, 0.9667950963222417, 0.849797828451797, 0.904528870731654, 0.866424136223382, 0.9339889947437582, 0.8989387980949746
0.9536761371478144, 0.9942036730624955, 0.9735182976839203, 0.9664635564444858, 0.851670816809616, 0.9054433144681152, 0.867987741038966, 0.934289519516443, 0.8999190826738243
0.9527865756496764, 0.9939255884586181, 0.9729213957132239, 0.9649871011225509, 0.8526995666728278, 0.9053750545137375, 0.868829929375835, 0.9322110264602277, 0.8994052441265388
0.9535330639597911, 0.9942046260236953, 0.9734442046592116, 0.9661700589867338, 0.8521138345122553, 0.9055647214361418, 0.8692706749771967, 0.9343525639061654, 0.900637412940221
0.9528921333581235, 0.9948203996567365, 0.9734049731350743, 0.966569155160309, 0.8478798640978004, 0.903342574214115, 0.8658070177111846, 0.9340075931394236, 0.8986151394264559
0.9532492002119684, 0.9937289644095713, 0.9730682734544435, 0.9659685557415624, 0.8476710977789649, 0.9029617592182225, 0.8646281981802105, 0.9335982013612985, 0.8977905461438218
0.9524873516152529, 0.9936846645170565, 0.9726499678353169, 0.9655043688244421, 0.8505714050809833, 0.9044010381095479, 0.8671198364785854, 0.9324636555094363, 0.8986054118493194
0.9530335951863613, 0.9940521361035338, 0.9731108043669218, 0.966945133815699, 0.8507170461185202, 0.9051150616206783, 0.867304357767573, 0.9343240996376998, 0.8995676770671213
0.9522286726360326, 0.9946452063805296, 0.9729748750791751, 0.9673823430369605, 0.8526338413042811, 0.9063907565768, 0.8686695115082433, 0.9333196574183291, 0.8998348545830326
0.9539787185961741, 0.9937668877425694, 0.973466410671586, 0.9654963256736265, 0.8509247170335037, 0.9045971923957531, 0.8668362050080483, 0.9332157542323349, 0.8988020581293145
0.9538320574586941, 0.9942489191048853, 0.9736212237016775, 0.9664959851041546, 0.8504531258000102, 0.9047689081351963, 0.8669566293268361, 0.9345453053184505, 0.8994830727302351
0.9539576956282866, 0.9936031718457813, 0.9733769126428382, 0.9663503420719455, 0.8534411128094129, 0.9063929925480455, 0.8683276065046565, 0.9337766066943884, 0.8998636149478018
0.9530037947858656, 0.9939144111267592, 0.9730292753127295, 0.9672125423373721, 0.851390809897034, 0.9056134959296434, 0.8675994977551176, 0.9343652679888543, 0.8997454918517934
0.9537261443359663, 0.9941495944605251, 0.9735184239255631, 0.965302099037458, 0.8552757313276409, 0.9069642010754387, 0.8712280197403095, 0.9333819271913435, 0.901234629090855
0.9534190130481703, 0.9939045593078197, 0.9732409317603702, 0.965628720151257, 0.8522909885038527, 0.9054268486194859, 0.8688029135840134, 0.9332384327058968, 0.8998686640267807
0.9537493990561502, 0.9943739195368202, 0.9736380845544416, 0.9664373079753741, 0.8491367807361485, 0.9039977708206985, 0.8665313976527969, 0.9347479833530288, 0.899347969014934
0.9541730192298234, 0.9939241180749803, 0.973643006263048, 0.9656705445804502, 0.8492165293326903, 0.9037073437073437, 0.8664016131486836, 0.9347357619291945, 0.8992724077675653
0.9525207114531391, 0.9943029868333418, 0.9729634884268891, 0.9671654294557047, 0.8532802282969092, 0.9066605585641596, 0.8695905538890694, 0.9337251764319711, 0.9005173965948775
0.9541575513904491, 0.993902689386163, 0.9736246719424027, 0.9664162615996464, 0.8519148761686075, 0.9055604589585172, 0.8678923715580608, 0.9346341563448446, 0.9000276466754873
0.9511047964332958, 0.9939176112800664, 0.9720400172246312, 0.9660405552118233, 0.8509553092158032, 0.9048532860962128, 0.8684818292869141, 0.9324555561248015, 0.8993324406188389
0.9534475832133024, 0.994013811138806, 0.9733081935893653, 0.9657833058733437, 0.8551336579753026, 0.9070966195157036, 0.8710877926661998, 0.9336588876323635, 0.9012886610727099
0.9546335178938465, 0.9942742422845671, 0.974050734526772, 0.9659513457436268, 0.8508182919567137, 0.9047366898306103, 0.867168754998667, 0.9343818288141331, 0.8995214838445242
0.9534224541237164, 0.9941502526027285, 0.9733605018498956, 0.9663971144336494, 0.8505232760562803, 0.9047652764993274, 0.8666870626027764, 0.9339404928706833, 0.8990578200932262
0.9534481912334953, 0.9938601966783664, 0.9732348638194681, 0.964790935316812, 0.8537945741997662, 0.9059054539916344, 0.8694235156534575, 0.9327149512047139, 0.8999578299804033
0.9543583107869662, 0.9941589739400376, 0.973852155646694, 0.9671675598678295, 0.8530281030203796, 0.9065191459557657, 0.8693354699020421, 0.9351254296414098, 0.9010311112868625
0.9532708438057502, 0.9939775133090789, 0.9731986979205973, 0.9670373081436555, 0.8524345029599132, 0.9061266704771237, 0.8686175887821979, 0.9346453464534645, 0.9004226409132203
0.953512640781287, 0.9942921671286316, 0.9734755208909169, 0.966939165269238, 0.8525561385315167, 0.9061522931274384, 0.8696359897955298, 0.9351054791856455, 0.9011832364154694
0.9529423303256179, 0.9943712133617161, 0.9732160743619536, 0.9679441615493073, 0.8524341187094656, 0.9065243606323015, 0.8688897164847548, 0.9347750154099034, 0.900629017969821
0.952018885555501, 0.9943801754782502, 0.9727385564751582, 0.9660840469839487, 0.8501873815995388, 0.9044380188823903, 0.868070122153779, 0.9328933678777617, 0.8993151324749136
0.9541512015988501, 0.994234596524344, 0.9737805888943035, 0.9682701191771049, 0.8502182284980745, 0.905412351403668, 0.8677530733039915, 0.9368644197978433, 0.900985369649039
0.9532195981531979, 0.9945153703152122, 0.9734297088627956, 0.9660789976244818, 0.8509985741981146, 0.9048946091129714, 0.8680635549251259, 0.9338030476814682, 0.8997340779807688
0.95317610773326, 0.9947515171395769, 0.9735201320231341, 0.9655548465688265, 0.8524895776783062, 0.9055064138133629, 0.8685907864265345, 0.9326455749529906, 0.8994792363454382
0.9533846897408835, 0.9937286027121223, 0.9731386861313869, 0.9661717416793397, 0.8522292080525917, 0.9056306073482445, 0.8680460295686633, 0.9338867537791442, 0.8997635163489689
0.9534603043772629, 0.9938631482049709, 0.9732425895043644, 0.9662570273660736, 0.854137361001304, 0.9067444205248385, 0.8700033494425571, 0.9339819390365431, 0.9008581394427049
0.9534013204432916, 0.9938753981503293, 0.9732177331601671, 0.966013529274551, 0.8510948755099315, 0.9049203253631383, 0.8675887821978358, 0.9336914623144427, 0.8994272170649812
0.9539939880747056, 0.9939212847446837, 0.97354843251833, 0.9667612813531831, 0.8543055171637131, 0.9070611765728944, 0.8697192513368984, 0.9347558347188867, 0.9010655243032539
0.9532335358924954, 0.9946182238076582, 0.9734862436238326, 0.968631200876927, 0.8498813129246132, 0.9053790397296856, 0.867018504656958, 0.9359312672598957, 0.9001578861940573
0.9549582417148998, 0.9939449296482927, 0.9740616325381181, 0.9667306461932181, 0.8526300669956601, 0.9061024673724609, 0.8687950683993226, 0.9357939175342241, 0.9010507621725617
0.9542933149416227, 0.9938739700163156, 0.9736815650320687, 0.9667005859854731, 0.848675901300995, 0.9038516217930491, 0.8662376312696668, 0.9358488634036453, 0.8996987714600725
0.9532015093744766, 0.9943268825603025, 0.9733299798792756, 0.9655673145061047, 0.8521237223321475, 0.9053054644868263, 0.8677754479603508, 0.9323045731020501, 0.8988833930634126
0.9522398893542723, 0.9946924054264519, 0.9730033125692207, 0.9667212790927365, 0.8547490625160528, 0.9072935069467164, 0.8706886651609692, 0.9324683044819564, 0.9005201399577355
0.9526065417155014, 0.9948059161129739, 0.9732490101077184, 0.9676098287416233, 0.8504146343957381, 0.9052348584209982, 0.8675998666857115, 0.9346922863855063, 0.899897279892539
0.9543378094382998, 0.9941108758658965, 0.9738184051426875, 0.9659553257833057, 0.8523791988871159, 0.9056201876837306, 0.8681420316939682, 0.9344300991399659, 0.9000672215741711
0.9531347081274594, 0.9938300169674533, 0.973057057419881, 0.965780303994999, 0.8516435279706003, 0.9051279408493949, 0.8670932009167304, 0.9332648131969783, 0.8989629482959186
0.9537137129267478, 0.9940387176072928, 0.9734587838786687, 0.9657759459083962, 0.8521749790572707, 0.9054260873340642, 0.8669732681805117, 0.9329992576095026, 0.8987752912780477
0.95506519951443, 0.993664697494398, 0.973982668423785, 0.9652371254000582, 0.8551102679630069, 0.9068424850751164, 0.8705985999789326, 0.9340895313832465, 0.901227224964809
0.952719632252846, 0.993580577130806, 0.9727211840124081, 0.9658628721074404, 0.8545256963595542, 0.9067895257884487, 0.8700334837398762, 0.9330039283083722, 0.9004190957601725
0.9523697403145265, 0.9940302481082133, 0.9727541459992985, 0.9665161950856291, 0.8522945286290281, 0.9058187904461272, 0.8687498207748263, 0.933408647427339, 0.8999193017372406
0.9535928143712575, 0.9940148038641987, 0.9733843362169063, 0.964924596071274, 0.8501525584463777, 0.9039099104035948, 0.8675526822193362, 0.9330961144360274, 0.8991315112097931
0.9537421678425181, 0.993892093654564, 0.973403291103547, 0.9659396265922178, 0.8513471948818898, 0.9050304902970556, 0.8678201349938207, 0.934225742736381, 0.8997994115414755
0.9543763017363065, 0.9938632018256204, 0.9737195917195817, 0.9665014567107355, 0.852202480861342, 0.9057603298143706, 0.8676599390708302, 0.9346631114757461, 0.8999160701061466
0.9533444816053511, 0.9943978740650298, 0.973438527945039, 0.9671098015831258, 0.8494900841130134, 0.904492170413787, 0.8670439546874555, 0.9349121513699472, 0.899699971918554
0.9544988059760405, 0.9934473373388795, 0.973583690231149, 0.9646975731752501, 0.8548958044756364, 0.906483743043807, 0.8703838005992709, 0.9338309068943629, 0.900991761661102
0.9536391317159415, 0.9945096593120685, 0.9736456808199122, 0.965071914165472, 0.8545789608395188, 0.9064707575189909, 0.8692681241482562, 0.9318614389036924, 0.8994771520926329
0.9535894863168664, 0.9941646412126061, 0.9734544377331587, 0.966132797528484, 0.8537661777837078, 0.9064805431146272, 0.8696498983206195, 0.9336804772545563, 0.9005284257460492
0.9536564291885947, 0.9944099760427545, 0.9736069205400908, 0.9666511139624402, 0.8480020465592223, 0.9034477119729634, 0.8643373172451917, 0.9339553660621415, 0.897798765487098
0.9525185512801612, 0.9937756995929082, 0.972709845131633, 0.9672515301661323, 0.8522357243377058, 0.9061083625481908, 0.8687654791388836, 0.9341889621829803, 0.900290215588723
0.9527937677109766, 0.9937592684132477, 0.9728454555077805, 0.9659667663213516, 0.8523706786367958, 0.9056204066334596, 0.8681890529245256, 0.9333586073342418, 0.8995951017183488
0.9542439207104908, 0.9940751237344176, 0.9737523700317345, 0.9669437800431925, 0.8533821103220716, 0.9066206528661553, 0.8696949191311724, 0.9356485896213357, 0.9014670288960237
0.9536507999054299, 0.9935852697265786, 0.9732085410969921, 0.9657928314580675, 0.852926714335471, 0.9058576495419631, 0.8681402584512016, 0.9334222678296562, 0.8995984730106612
0.9545169569561724, 0.9939610939396721, 0.9738397805240039, 0.9668293933285952, 0.8525752329679136, 0.9061148722428478, 0.868198376502309, 0.9347937985134551, 0.9002662013513313
0.9549247430611721, 0.9938816572906829, 0.9740138230766909, 0.9661961021442858, 0.8515049344633578, 0.9052321939261883, 0.8674727449152381, 0.9351649591319776, 0.9000478712116352
0.9554186513403928, 0.993654172893083, 0.9741613735111432, 0.9667604642982764, 0.8487128549813181, 0.9038987519389617, 0.8658118524972064, 0.9363305852834246, 0.8996915022903618
0.9536899625549146, 0.9945678354361618, 0.9737000541853138, 0.9662131492882997, 0.8523408624229979, 0.9057118387964281, 0.8687494037966231, 0.9337455015225616, 0.9000756067067597
0.9533135489957156, 0.9942199493733155, 0.9733371458957264, 0.9668735607999907, 0.8505691575234707, 0.905, 0.8672054000095071, 0.9338923357290578, 0.8993143020521643
0.9545065307046467, 0.9942584713179884, 0.9739770604423197, 0.9668370031689606, 0.8494565105718453, 0.904353818136078, 0.8665287609359877, 0.9353586463315955, 0.8996290951004103
0.9541053085971608, 0.9946102395221829, 0.973936817437546, 0.9664895600298284, 0.8512900511094235, 0.9052394931846209, 0.8674138638815432, 0.933956251798857, 0.8994560240755132
0.9548847009708356, 0.9939021265693057, 0.9740028221776967, 0.9674686350289567, 0.8532241555783009, 0.906762100041879, 0.8682891911238368, 0.9357161223965029, 0.9007425742574258
0.9543784866818574, 0.9944633207794334, 0.9740086604386352, 0.9671746503740185, 0.8527333428916699, 0.906355789221609, 0.868068303503136, 0.9346420703712092, 0.900125908374394
0.9534404167571088, 0.993952048383613, 0.9732748505617468, 0.9671592584423575, 0.8507679111183727, 0.9052376528622108, 0.8668228526803996, 0.9349762195810948, 0.8996105795840911
0.9534458343167336, 0.9939922083247898, 0.9732969261348806, 0.9672728538767742, 0.8538601811252715, 0.9070350801778223, 0.8692054087629605, 0.934359206147019, 0.9006054665260678
0.9536046946692661, 0.9940470081083855, 0.9734059660689877, 0.9676223459272258, 0.8505741255312194, 0.9053306874711176, 0.8665281101333766, 0.9352657899611039, 0.8995857932529333
0.951811026724588, 0.9939412018845022, 0.972420004931289, 0.9654328150382919, 0.8523120735929849, 0.9053526153712228, 0.8682003377765903, 0.9316255068190196, 0.8987953830425098
0.95333595362091, 0.9938334204029788, 0.9731635513784336, 0.9650330972012542, 0.8533652365010578, 0.9057704046041158, 0.8685337411584783, 0.931968533010595, 0.8991336786744443
0.9531273103652226, 0.9947223851115706, 0.973480729732995, 0.9656868458472225, 0.8491575451973927, 0.9036810819654251, 0.8666596995924262, 0.9334561268866718, 0.8988186144584249
0.9545204995980471, 0.9944944944944945, 0.9740975668320794, 0.9658412905176725, 0.8522840399437586, 0.9055163615348548, 0.8678970885119167, 0.933605047292638, 0.8995527524073027
0.953875136137521, 0.9945270221885774, 0.9737769942706038, 0.9673652028253816, 0.8478747433264887, 0.9036871679551784, 0.8654336007299548, 0.9353549672819912, 0.8990368238389802
0.9536404248395018, 0.9940072981446266, 0.973405540344661, 0.9666488732100169, 0.8530728030559055, 0.9063164709146397, 0.8696472651372912, 0.9352041653000984, 0.9012351166224671
0.9534968443232279, 0.9941688567674113, 0.9734081851124033, 0.9673025474002559, 0.8510013405785978, 0.9054325517586791, 0.8672154105576039, 0.9348484692882011, 0.8997627755263418
0.9538582832364245, 0.9940023826151255, 0.9735166614699108, 0.9676619521564519, 0.8523922807161461, 0.9063769237898456, 0.8686896551724138, 0.9356084666926213, 0.9009080998959212
0.9544903331394374, 0.9944123175529238, 0.974042437596209, 0.9676203509341621, 0.8543678384550006, 0.907474277261752, 0.8702357788714662, 0.9359190037543852, 0.9018830623239262
0.9541962261929292, 0.9947625233998588, 0.9740571943707117, 0.967381863424024, 0.849242658423493, 0.9044708309556209, 0.8671493229843722, 0.9354610872836334, 0.9000108330625067
0.9527929061559938, 0.9943062323672737, 0.9731070247041873, 0.9670000348468482, 0.8533210332103321, 0.9066109087345019, 0.8696399743998777, 0.9340789001179911, 0.9007083778542878
0.952510016497761, 0.994117044173414, 0.9728688779450557, 0.9658548511024704, 0.8524793982861018, 0.9056325728632245, 0.8686933282428176, 0.9324338169002541, 0.899435709415055
0.9533963378617838, 0.9942610748934859, 0.9734000050255044, 0.9654328184202856, 0.8515254655574864, 0.9049086458606521, 0.8684768652812782, 0.9332624736831348, 0.8997049130257007
