0.9907589743589743, 0.990826617373141, 0.990776708078732, 0.9907588361933075
0.9909641025641026, 0.9910436650407193, 0.9909602742887035, 0.9909636809348019
0.9907076923076923, 0.9907930644300874, 0.9907071528105466, 0.9907072805677615
0.9909743589743589, 0.9910920903387986, 0.9909350317478356, 0.9909729502332698
0.9907641025641025, 0.9908461032406521, 0.9907677551167677, 0.9907637649245118
0.990902564102564, 0.9909837431352662, 0.990905038216857, 0.9909022207187583
0.9913948717948718, 0.9914629984221126, 0.991390993767171, 0.9913945193143829
0.9910256410256411, 0.9911117689042618, 0.9910219150395504, 0.9910251941437997
0.9950153846153846, 0.9950488267142031, 0.9950070976709343, 0.9950152118481987
0.9909641025641026, 0.9910245753388318, 0.990983583276528, 0.9909640052296264
0.9905179487179487, 0.9906110934683517, 0.9905107968843168, 0.990517385369841
0.9907846153846154, 0.9908831532529752, 0.9907710380898381, 0.9907839256104665
0.9910461538461538, 0.9911407423298157, 0.9910380287799632, 0.9910455997080665
0.9909384615384615, 0.9910385333089438, 0.9909205333203298, 0.9909376867889718
0.9908205128205129, 0.9908980706324757, 0.9908261747502025, 0.9908202217704838
0.9908153846153847, 0.9908968675784003, 0.9908168502359349, 0.9908150233205527
0.9906615384615385, 0.9907546720295666, 0.9906561098419231, 0.9906610127842543
0.990897435897436, 0.9909576544815112, 0.9909234228666733, 0.9908973724064588
0.9910153846153846, 0.9911109862477405, 0.9909984947612156, 0.9910146559728658
0.9910923076923077, 0.9911636394293817, 0.9911032084454806, 0.9910921055127373
0.9909435897435898, 0.9909960342140365, 0.9909676135783282, 0.9909435406526976
0.9949794871794871, 0.995010173189247, 0.9949765620496644, 0.9949793842335599
0.9907282051282051, 0.9908131523549506, 0.9907325553417501, 0.9907278609815182
0.9909179487179487, 0.9909826711589118, 0.9909345347775028, 0.9909178161515032
0.9909692307692308, 0.9910601451942403, 0.9909625615699215, 0.9909687126360213
0.9909641025641026, 0.9910362265926972, 0.9909713835366243, 0.990963858226829
0.9906666666666667, 0.9907473562299789, 0.9906696085140158, 0.9906663225648464
0.9911025641025641, 0.9911906593476143, 0.9910860720825646, 0.9911018790417891
0.9908410256410256, 0.9909274750875295, 0.9908350347513397, 0.990840531686376
0.9905794871794872, 0.9906536835309222, 0.990592257461433, 0.9905792779388706
0.9904717948717948, 0.9905588336424882, 0.9904759124625011, 0.9904714279873167
0.9913333333333333, 0.991413331210617, 0.9913333333333334, 0.9913329806042201
0.9910307692307693, 0.9910896649773705, 0.9910483696147643, 0.9910306667926103
0.990774358974359, 0.9908558365611638, 0.9907788293840979, 0.9907740341793578
0.9912205128205128, 0.9912735317835872, 0.9912382204480568, 0.9912204335340433
0.9910205128205128, 0.9911089068993642, 0.9910094494261471, 0.991019931445561
0.9902717948717948, 0.9903607704343307, 0.9902856912723179, 0.990271521863195
0.9910871794871795, 0.9911693688691496, 0.9910801153028903, 0.9910867001497209
0.9912820512820513, 0.9913740405445788, 0.9912679465421522, 0.9912814148870159
0.990902564102564, 0.9909826310915486, 0.9909078259758803, 0.9909022596760231
0.9911435897435897, 0.99119899517007, 0.9911612157369116, 0.9911435010763519
0.9911025641025641, 0.9911646351458266, 0.9911210860078699, 0.9911024568572768
0.9906358974358974, 0.9907232509921458, 0.9906349443959972, 0.990635467028417
0.9913641025641026, 0.9914607406427387, 0.9913385227718003, 0.991363194024355
0.9911076923076924, 0.9911810261495726, 0.9911067579749134, 0.9911073476408816
0.9907333333333334, 0.9908275212138338, 0.9907265389202691, 0.9907327842459865
0.9908256410256411, 0.9909160269253141, 0.99081297863653, 0.990825007006239
0.990851282051282, 0.9909488959952142, 0.990842489235872, 0.9908506904743726
0.9908923076923077, 0.9909746048133148, 0.9908911861530627, 0.9908919103271344
0.9905384615384616, 0.9906181222386692, 0.9905495005477369, 0.9905382102131695
0.9906769230769231, 0.9907577266769535, 0.9906775835968713, 0.9906765484970528
0.9910564102564102, 0.9911254214603846, 0.9910648139553737, 0.9910561934881768
0.9908615384615385, 0.990940520654729, 0.9908633129088079, 0.9908611946799908
0.9912, 0.9912718361864563, 0.9912094634287372, 0.9911997849308438
0.9910256410256411, 0.9911017585071079, 0.991032279849867, 0.9910253738293652
0.9907333333333334, 0.9908202273306242, 0.9907272619082756, 0.9907328300744611
0.9906974358974359, 0.9907665935430181, 0.9907095849610041, 0.9906972455795942
0.9909384615384615, 0.9910284978044928, 0.990929150102557, 0.9909379000040351
0.9908717948717949, 0.9909591815394634, 0.9908656428136168, 0.9908712956765513
0.9906974358974359, 0.9907787083704607, 0.9907016933170305, 0.9906971066936691
0.9911435897435897, 0.991219048654749, 0.9911431460424472, 0.9911432436345945
0.9910358974358975, 0.9911110574644633, 0.9910376934094467, 0.9910355780181594
0.9912974358974359, 0.9913891468369354, 0.9912859114404773, 0.9912968506976768
0.9908256410256411, 0.9909196688199999, 0.9908207254413967, 0.9908251288135141
0.991225641025641, 0.9913121887449907, 0.9912189521253889, 0.9912251565109753
0.9910307692307693, 0.9911149494526323, 0.991024111955272, 0.9910302848333615
0.9907179487179487, 0.9908130377943818, 0.9907089477041635, 0.9907173561510716
0.9908307692307692, 0.9908990179741829, 0.9908378615195408, 0.9908305366907683
0.9904410256410257, 0.990510253168532, 0.9904637240260602, 0.9904409100812441
0.9904923076923077, 0.9905816872456407, 0.9904925849675614, 0.9904918785828492
0.9906871794871794, 0.9907693955000143, 0.9906937850607678, 0.9906868733543588
0.9904923076923077, 0.9905885173384184, 0.9904849012030648, 0.9904917238719009
0.9910923076923077, 0.9911891447432433, 0.9910663043755814, 0.991091358334738
0.9908461538461538, 0.9909322635540617, 0.9908363859864681, 0.9908455954265118
0.9911282051282051, 0.9912282650170036, 0.991105832753201, 0.9911273449531739
0.9907435897435898, 0.9908373850062383, 0.9907297510776618, 0.9907429116059328
0.9910205128205128, 0.9911007446220925, 0.9910135361238952, 0.9910200399763193
0.990902564102564, 0.9909868128749264, 0.990900768375191, 0.9909021484787317
0.9910307692307693, 0.9911085059716709, 0.9910326613500032, 0.9910304391110638
0.9909641025641026, 0.991039301154896, 0.9909738445996141, 0.9909638696565062
0.9905538461538461, 0.990639825847857, 0.9905585074679437, 0.9905534943538028
0.9908564102564102, 0.9909353877263791, 0.990851485427002, 0.9908559687397767
0.9914820512820512, 0.9915420024187345, 0.9914938227151764, 0.9914819104117786
0.9908615384615385, 0.9909487295385968, 0.9908605189158308, 0.9908611184253227
0.9908153846153847, 0.9909016181449136, 0.99081191670274, 0.9908149305816419
0.9911435897435897, 0.9912461475041895, 0.9911222701822977, 0.9911427479724856
0.9908051282051282, 0.9908895555302256, 0.9908098887306646, 0.990804794342385
0.9909692307692308, 0.991065082549329, 0.9909593496300146, 0.9909686355924596
0.990897435897436, 0.9909647341042527, 0.9909090137768006, 0.9908972526156221
0.9908410256410256, 0.990946706925799, 0.990809350390599, 0.9908398618146945
0.9907641025641025, 0.990867069011504, 0.9907414134994018, 0.9907631892746547
0.9906923076923076, 0.9907737638525318, 0.9906976145592938, 0.9906919901255311
0.9910769230769231, 0.9911474753884992, 0.9910861004899686, 0.9910767077060768
0.9906717948717949, 0.990749760093302, 0.990680700862223, 0.9906715330886409
0.9910564102564102, 0.9911303957624864, 0.9910695990422542, 0.9910562163358934
0.9909743589743589, 0.991067327632481, 0.9909602270338307, 0.9909736953637653
0.9909282051282051, 0.9909839717629267, 0.9909515568447932, 0.9909281433176673
0.9907538461538462, 0.9908232282595602, 0.990760661640375, 0.9907536034736889
0.9910205128205128, 0.9910870680042984, 0.9910387123216928, 0.9910203859395698
0.9905282051282052, 0.9906128451864875, 0.9905369489016307, 0.9905279064489949
