0.9723384615384615, 0.9737640162723706, 0.9723133207876816, 0.9723165505188286
0.9741230769230769, 0.9753897893902626, 0.9740869653661716, 0.9741043492865473
0.9732666666666666, 0.9745983853080913, 0.9732370504845034, 0.9732466564398534
0.9733487179487179, 0.9746489850356421, 0.9733497919341061, 0.9733304968328571
0.9744358974358974, 0.9757358892438401, 0.9743231304594143, 0.9744135184063292
0.9735076923076923, 0.9747830583293275, 0.9735272132467081, 0.9734906654272804
0.9738102564102564, 0.9751188321616999, 0.9737482159363813, 0.9737895792805882
0.9733435897435897, 0.9746649296004402, 0.973313826713968, 0.973323779118362
0.9729538461538462, 0.9743422639427171, 0.9729135330638828, 0.97293231301693
0.9731076923076923, 0.9743947644036695, 0.9731493561825253, 0.9730910874486391
0.9736, 0.974909899640764, 0.9735611456072983, 0.9735801576137821
0.9733641025641026, 0.9747105910888095, 0.9733108800715047, 0.9733429269171321
0.974, 0.9752097430175453, 0.9740332214260964, 0.9739847191775324
0.9736461538461538, 0.9749055312275761, 0.9736607455961873, 0.9736292502343907
0.9732974358974359, 0.9745616086195784, 0.9733428046962624, 0.9732814148470584
0.9736564102564103, 0.9749435857611692, 0.9736357205627586, 0.9736376997654757
0.9730564102564102, 0.9743657320025307, 0.9730893355425074, 0.9730391213712404
0.9744461538461539, 0.9757318751353825, 0.9743417371627549, 0.9744243700136688
0.973548717948718, 0.9748444410532229, 0.9735311335912287, 0.9735299382066547
0.9736769230769231, 0.9750077067905512, 0.9735974462874599, 0.9736550325803354
0.9730717948717948, 0.9743092581534459, 0.9731684626601287, 0.973057845907892
0.9739846153846153, 0.9752640826627452, 0.9739333052067696, 0.9739649520724981
0.9737384615384616, 0.9750360928177968, 0.9736906658861175, 0.9737185082504766
0.9734205128205128, 0.974686485712627, 0.9734507234179921, 0.9734039720362491
0.9731538461538461, 0.9745058228298302, 0.973105812374444, 0.9731326507800822
0.9740102564102564, 0.9752337863645608, 0.9740227976487601, 0.9739940093336087
0.973, 0.9743807090698502, 0.9729353831376034, 0.9729775145738873
0.9726153846153847, 0.973962025682579, 0.9726379478782445, 0.9725968454650206
0.9732205128205128, 0.9745225315823869, 0.9732391534613133, 0.9732028806302744
0.9730461538461539, 0.9743388266315096, 0.9730928595375838, 0.973029620820013
0.9736615384615385, 0.9749206603802747, 0.9736870927547925, 0.9736450733893872
0.9730461538461539, 0.9744121232038947, 0.9730045631099349, 0.9730249589083286
0.9735230769230769, 0.9748637649964289, 0.9734591966824746, 0.9735016348787752
0.9730769230769231, 0.9744192765612585, 0.9730652340510315, 0.973057378779745
0.9737076923076923, 0.9750195259988048, 0.9736484207529951, 0.9736870099937629
0.9734051282051283, 0.9746520655104349, 0.9734445181147903, 0.9733891918238524
0.9732358974358974, 0.9745733965552736, 0.9732008754340349, 0.9732155471510036
0.9735333333333334, 0.9748331205097556, 0.9735117448742205, 0.9735143175362311
0.9737333333333333, 0.9750015427010814, 0.9737277785050835, 0.9737155650553107
0.9741794871794872, 0.9753583745113885, 0.9741246080726182, 0.9741611764531817
0.9742461538461539, 0.9754457477915818, 0.9742562338297154, 0.9742302913323106
0.9730871794871795, 0.9744325135125884, 0.9730595530005617, 0.9730669213469139
0.9735589743589743, 0.9749410351016837, 0.9734401289132443, 0.9735343836873303
0.9735230769230769, 0.9748385475662462, 0.9734862455828598, 0.9735031841736271
0.9735435897435898, 0.9748692795929113, 0.9734897474057229, 0.9735228240332336
0.9735282051282051, 0.9748108634505366, 0.973534079704457, 0.9735105516569937
0.9734358974358974, 0.9747245065952064, 0.9734439327915361, 0.9734181824066694
0.9738666666666667, 0.9751280160135052, 0.9738535105466168, 0.9738487786122736
0.9741641025641026, 0.9754242035273311, 0.9741255104005448, 0.9741453903432286
0.9729846153846153, 0.9744552246079295, 0.9728424460724786, 0.9729570475207833
0.9733641025641026, 0.9746119268021165, 0.9734192206199128, 0.9733487120351005
0.9731487179487179, 0.9744827912173195, 0.9731292533545877, 0.9731290172253468
0.9726, 0.9739582215546677, 0.9726265580777236, 0.9725814431142101
0.9731333333333333, 0.9744878290822616, 0.973104266726706, 0.9731129202742134
0.9733282051282052, 0.9744981948623257, 0.9734822190725765, 0.9733171286813227
0.9731179487179488, 0.9744597253643767, 0.9730943886760213, 0.9730979402896378
0.9740410256410257, 0.9753247878682649, 0.9739979088123871, 0.9740217042629047
0.9735384615384616, 0.9748121533221916, 0.9735318352091936, 0.9735204340243206
0.9735435897435898, 0.9748822653360887, 0.9734831687180882, 0.9735223494600632
0.9734051282051283, 0.9747467547843363, 0.9733586198185544, 0.9733843531588255
0.9739230769230769, 0.9752079383278012, 0.9738822727175913, 0.9739037480252838
0.9741384615384615, 0.9753742741342146, 0.97412622131175, 0.9741211532696294
0.9735948717948718, 0.9748676350800978, 0.973596731330045, 0.9735772417738606
0.973374358974359, 0.9746570861892921, 0.9733966389195998, 0.9733572463992333
0.9726102564102564, 0.9739488912933911, 0.9726538719612108, 0.9725926598664665
0.9737179487179487, 0.9749363260641308, 0.9737734846454357, 0.9737031940410541
0.9732615384615385, 0.9745570379855152, 0.9732863770567675, 0.9732442697637048
0.9734358974358974, 0.9747507544429406, 0.9734136487938595, 0.9734165696118458
0.9732974358974359, 0.9745864974778129, 0.9733243848251254, 0.9732803641117841
0.9740307692307693, 0.9752908261360539, 0.9740051044675895, 0.9740125018477486
0.9728871794871795, 0.9742976877561484, 0.9728248153782945, 0.9728642775618666
0.9731641025641026, 0.97443474255481, 0.973217800804537, 0.973148216724989
0.973425641025641, 0.9747261692546979, 0.9734226911541508, 0.9734073080482867
0.9730307692307693, 0.974354791592902, 0.9730318533142417, 0.9730119815776368
0.9737435897435898, 0.9750973011278934, 0.9736414030766045, 0.9737203727098538
0.9735846153846154, 0.9748830052079178, 0.9735545951157002, 0.9735653005414133
0.9730461538461539, 0.9743934712208668, 0.973023082192428, 0.973026031530982
0.9733846153846154, 0.9746121030387669, 0.9734509470014112, 0.973369924967629
0.9731076923076923, 0.9744990496127491, 0.9730332309210092, 0.9730846948516958
0.9736615384615385, 0.9749599089923121, 0.9736278408040441, 0.9736421259902663
0.9736153846153847, 0.9749005357035019, 0.9736058094193956, 0.9735971326975441
0.9743948717948718, 0.9756022020999426, 0.9743940968593869, 0.9743785812966204
0.9737179487179487, 0.9749981031288211, 0.9736761728344328, 0.973698482465075
0.973651282051282, 0.9749221161131079, 0.9736571288625957, 0.9736338779145047
0.9733435897435897, 0.9746749044703258, 0.9733163834109588, 0.9733237492608808
0.9732461538461539, 0.9744702799334088, 0.9732498048922511, 0.9732290353818165
0.9734307692307692, 0.9747404452036119, 0.9734080331753362, 0.9734114891509209
0.9730923076923077, 0.9744850935085402, 0.9730132887561662, 0.97306906213838
0.9736615384615385, 0.9749384172115602, 0.9736562292662714, 0.9736436089097841
0.9733897435897436, 0.9745290900741439, 0.9735538386405016, 0.9733793935644692
0.9720820512820513, 0.973486781237184, 0.9721053867543994, 0.9720623065469868
0.9735128205128205, 0.9747900619971558, 0.9735229598177151, 0.9734954017110389
0.9731846153846154, 0.9745287595789773, 0.9731626517733237, 0.973164694117487
0.9735384615384616, 0.9747357066376505, 0.9736305513615842, 0.9735251653577994
0.9738820512820513, 0.9752194862315661, 0.9737856368275046, 0.9738594564418214
0.9735897435897436, 0.9748301574249711, 0.9736368380874162, 0.9735743004206387
0.9741435897435897, 0.9753663538391262, 0.9741430696538143, 0.9741269311588163
0.9738974358974359, 0.9751422834901551, 0.9738982235650319, 0.9738803592534278
0.9734512820512821, 0.9747021572303405, 0.9734926217657055, 0.9734353933349321
0.9738769230769231, 0.9751308908935046, 0.9738808798551688, 0.9738598330131554
