0.996893584843964, 0.9984443762153311, 0.9976683778864051, 0.998435215878441, 0.996875321204646, 0.9976546587940008
0.9968038353975229, 0.9985940354262023, 0.9976981323599526, 0.9985931836152101, 0.996801902458025, 0.9976967390133425
0.9963873496004654, 0.9986294224140576, 0.997507126145547, 0.998618713341786, 0.9963591858563626, 0.9974876700198722
0.9968524764960989, 0.9984904032779814, 0.9976707676205916, 0.9984917353252003, 0.9968552492752732, 0.9976728212173093
0.99658598413607, 0.9985865869146626, 0.9975852825014836, 0.9985797793512268, 0.9965695739698451, 0.9975736639730224
0.9967441384253097, 0.9986254436534476, 0.9976839041587243, 0.9986232405219356, 0.9967389297946961, 0.997680195438402
0.9969359417111587, 0.9985732321936298, 0.9977539152641457, 0.9985731443177269, 0.99693575330252, 0.9977537770392935
0.9967180263171348, 0.9985148159908226, 0.9976156121122811, 0.9985081230129742, 0.9967032628454642, 0.9976048765946074
0.9968818274132502, 0.9984487363879186, 0.9976646666632449, 0.9984513932333063, 0.9968871595330739, 0.9976686632473728
0.9969117118965782, 0.9987356995282001, 0.997822872165626, 0.9987389142359153, 0.9969195501110395, 0.9978284028517578
0.9967033080243544, 0.9987096374597407, 0.9977054640892239, 0.9987236171668386, 0.9967389532039784, 0.9977302982235121
0.9963694749544906, 0.9986572090448759, 0.9975120303061329, 0.998652512909132, 0.9963568071262905, 0.9975033391554505
0.9966483415421716, 0.9984746578217295, 0.9975606637858293, 0.998466099775577, 0.9966295714006802, 0.9975469903062405
0.9969329230265915, 0.9985356762513312, 0.9977336559761394, 0.9985286097934909, 0.9969181459566075, 0.9977227279970802
0.9964943122004067, 0.9986377277708924, 0.9975648686256855, 0.9986311098302783, 0.9964773182429726, 0.9975530514887317
0.996770006030685, 0.9985459609457398, 0.9976571931332229, 0.998538598495374, 0.9967536803607935, 0.9976453410656632
0.9968694371125161, 0.9986573879533878, 0.9977626115494299, 0.9986530117013181, 0.9968592513522668, 0.9977553253237313
0.9967447448680954, 0.9987960609584178, 0.9977693485881107, 0.9988014628299818, 0.9967593207863503, 0.9977793469028541
0.9965097593678672, 0.9986153136058259, 0.9975614254390459, 0.998612524280825, 0.9965027434490539, 0.9975565183466458
0.9969702843036244, 0.9985389527458493, 0.9977540019601437, 0.9985253323158471, 0.9969420849420849, 0.997733080537466
0.9967828857719537, 0.9983478707029245, 0.9975647644486371, 0.9983469716726387, 0.9967811378780113, 0.9975634403196766
0.9966352072219943, 0.9983558040118382, 0.9974947636453242, 0.9983593109105825, 0.996642371632135, 0.9975001024548175
0.9967587243484218, 0.9986989171302415, 0.9977278775100813, 0.9986934021954958, 0.9967450122703796, 0.9977182560075647
0.996626471432673, 0.998602706229259, 0.9976136101203459, 0.9986047847675326, 0.9966314797939981, 0.9976171564733916
0.9969743900062563, 0.9987157226371866, 0.9978442966247845, 0.9987179355685699, 0.9969795943441624, 0.9978480078701426
0.9966189644429463, 0.9985569394835686, 0.9975870107562063, 0.9985479037291068, 0.9965978353598997, 0.9975719165397753
0.9963825295648787, 0.9986442209919784, 0.9975120932785481, 0.9986450142684103, 0.9963846413830539, 0.9975135473220649
0.9966584234298678, 0.998699543304184, 0.9976779394013789, 0.9986926355232546, 0.9966407100737605, 0.9976656177371918
0.996642371632135, 0.9987177514489408, 0.9976789822362724, 0.9987154718842486, 0.9966364149105266, 0.9976748602606414
0.9969406087983164, 0.9985603669007784, 0.997749830466679, 0.9985655002817767, 0.9969515002097122, 0.9977578475336323
0.9962972407813536, 0.9983237254180465, 0.9973094536710386, 0.99830866807611, 0.9962640484129924, 0.9972853102833683
0.9969014603018775, 0.9985557126175404, 0.9977279007645307, 0.998549561782496, 0.9968882864008873, 0.9977182325552711
0.9970113324561135, 0.9986819654041462, 0.9978459496707672, 0.9986695956189474, 0.9969833311025771, 0.9978257509402855
0.99651892578145, 0.9984202697850951, 0.997468691713296, 0.9984177377759968, 0.9965133569194483, 0.9974646383773685
0.9967495962548807, 0.9986175256781804, 0.9976826866511497, 0.9986106251157812, 0.9967334025002825, 0.9976711307611238
0.9969658272462584, 0.9984959328797258, 0.99773029342603, 0.9984863306389332, 0.9969464864031254, 0.9977158143841959
0.9968575096277279, 0.9983954744150167, 0.9976258992805755, 0.9984020486555698, 0.9968703656353873, 0.9976356192425794
0.9970150779453105, 0.998546199129767, 0.9977800511508952, 0.9985387188062773, 0.9969997431286926, 0.9977686375321336
0.9973265578922664, 0.9984370530789033, 0.9978814965312697, 0.9984226641511769, 0.9973019730609218, 0.997862003946277
0.9965338665846281, 0.9984895811927171, 0.9975107652985286, 0.9984920757039545, 0.9965395798353741, 0.9975148723361738
0.9964025468333214, 0.9986990637356333, 0.9975494835498212, 0.9986927835476002, 0.9963852204810122, 0.9975376675182875
0.9967157093453928, 0.9985854133565681, 0.9976496853445848, 0.9985811519401205, 0.9967058340602392, 0.9976426117191473
0.9968835256010709, 0.9986283982967573, 0.9977551990918527, 0.9986204482513666, 0.9968654937104333, 0.9977421992727722
0.9968496205224721, 0.9983200508082195, 0.9975842938153827, 0.9983133471830841, 0.9968370679208857, 0.9975746613775102
0.9967013888888889, 0.9987106413024569, 0.9977050035012753, 0.9987021013597034, 0.9966795851023367, 0.9976898182211086
0.9966352005072767, 0.9985449328824675, 0.9975891527228242, 0.9985394402559066, 0.9966225233548917, 0.997580060935196
0.9969065534104483, 0.9987521479420669, 0.997828497269016, 0.9987429289754871, 0.9968837419779496, 0.9978124694389113
0.9968274436359543, 0.9986364009186351, 0.9977311023359915, 0.9986329108719562, 0.9968193384223919, 0.9977253005119358
0.996725572257411, 0.9986876505869687, 0.9977056467720293, 0.9986841158389276, 0.9967167701226081, 0.9976994731382678
0.9970086168170866, 0.9984765449265879, 0.9977420409497731, 0.998464740551457, 0.9969854726531956, 0.9977245582966106
0.997172131147541, 0.9984816152330925, 0.9978264435695539, 0.9984804928131417, 0.9971700434746944, 0.9978248378888616
0.996962576063868, 0.9987766515204474, 0.9978687893182694, 0.9987801002573066, 0.9969711233448622, 0.9978747919600564
0.9968796189850551, 0.9985092273685293, 0.997693757736698, 0.9985139788472576, 0.9968895482682765, 0.997701102344466
0.996572679652971, 0.9985034083337604, 0.997537109765027, 0.9984988072715308, 0.9965621632715891, 0.9975295453027976
0.9966789630189758, 0.9985769132326593, 0.9976270354308158, 0.9985690608303565, 0.9966606730028256, 0.9976139542537437
0.9966480103327388, 0.9984493417404342, 0.997547862844479, 0.9984504238244771, 0.9966503452090717, 0.9975495724567843
0.9969080503312072, 0.9984004429542588, 0.9976536885245901, 0.9983971559793274, 0.9969017061134878, 0.9976488706365503
0.9971867007672635, 0.9986067144071877, 0.9978962024150163, 0.9986015424164525, 0.9971762724743041, 0.9978883985223927
0.9965069349122124, 0.9986859530433533, 0.9975952540878117, 0.998685534720368, 0.996505825332254, 0.997594489380363
0.9966346842331376, 0.9985447091980528, 0.9975887824631279, 0.9985396655628458, 0.9966230433666923, 0.9975804338780354
0.9965095986038395, 0.9986111825523378, 0.9975592837139995, 0.998616661543191, 0.9965233396390408, 0.9975689024234204
0.9969464397331721, 0.9984298996367219, 0.9976876182467942, 0.9984293032471332, 0.9969452815876335, 0.9976867405610296
0.9968141809790267, 0.9986803204059294, 0.9977463781076731, 0.9986710073558197, 0.9967917407891084, 0.9977304891542084
0.9970618646410254, 0.998595318411582, 0.9978280023769031, 0.9985922584490182, 0.9970554740481589, 0.9978232745343656
0.9967984566919438, 0.9985403410667846, 0.9976686385670857, 0.998544291469753, 0.9968071062353531, 0.9976749426417568
0.9969196964874272, 0.9986834120200369, 0.997800774867173, 0.9986886186441546, 0.9969318565336115, 0.9978094643423787
0.9968248782529684, 0.9986192507133871, 0.9977212577022512, 0.9986089787843505, 0.9968013000503976, 0.9977043206127302
0.996718059872403, 0.9984125683619753, 0.9975645945254541, 0.9984052185365051, 0.9967028903634011, 0.9975533281932665
0.996974899844657, 0.9987407217814179, 0.9978570296077699, 0.9987339426877471, 0.9969586437194965, 0.9978455035814003
0.9971110745568944, 0.9987642497451266, 0.9979369774919614, 0.9987721524168133, 0.9971295189645838, 0.9979501597444089
0.997025366444082, 0.9984591837782868, 0.9977417599901459, 0.9984616804602652, 0.9970301795205276, 0.9977454165342953
0.9968151565881345, 0.9984969171463921, 0.9976553281263568, 0.9984850983140278, 0.9967901564798716, 0.9976369074893043
0.9969906123538957, 0.9984057434378343, 0.9976976760918052, 0.9984125033286221, 0.9970033546064474, 0.997707431402049
0.9966298580238061, 0.9986758637679374, 0.9976518118988535, 0.9986752654603709, 0.996628338354957, 0.9976507519645459
0.9967107279302102, 0.998740979579303, 0.9977248209255122, 0.9987333429448232, 0.9966908175325009, 0.9977110348694261
0.9968919968919969, 0.9986480950430151, 0.9977692732742566, 0.9986418076305716, 0.9968775677896466, 0.9977589078273742
0.996400627582883, 0.9986433431314107, 0.9975207247901856, 0.9986459177497615, 0.9964074430410841, 0.9975254245971771
0.9966522656074039, 0.9985025180261957, 0.9975765338798515, 0.9984998253221266, 0.9966462570382449, 0.9975721801616836
0.9967751512607623, 0.998666584610335, 0.9977199715124531, 0.9986642143011272, 0.9967694295735647, 0.9977159223310937
0.9966939272663998, 0.9986155408107803, 0.9976538087188156, 0.998612552800074, 0.9966868056908985, 0.9976487499358283
0.9962547200788048, 0.9986731125282864, 0.9974624504304588, 0.9986775198884605, 0.9962671302924934, 0.9974708689152383
0.9968825381250256, 0.9986177380050376, 0.997749383638019, 0.9986105965172286, 0.9968664598187683, 0.9977377659410379
0.9969357218988276, 0.9984091468921915, 0.9976718903839843, 0.9984090162588274, 0.9969354706461134, 0.9976716993517682
0.9965785952835681, 0.9985162141972719, 0.9975464638410109, 0.9985064941753273, 0.9965562260349312, 0.9975304068654689
0.9972820512820513, 0.9986545611404392, 0.9979678343066517, 0.9986564102564103, 0.997285781592478, 0.9979706253138869
0.9968328157190738, 0.9987778953097881, 0.9978044076004432, 0.9987786980305223, 0.9968348919868479, 0.9978058483369561
0.9965417041826963, 0.9986772893660217, 0.9976083538612026, 0.9986737127817075, 0.9965323730674135, 0.9976018938363023
0.9967070614102368, 0.9987293389488354, 0.9977171754396741, 0.9987244766754102, 0.9966944863621898, 0.9977084489384878
0.9967541111179373, 0.998707307814632, 0.9977297535527051, 0.9987055415151328, 0.9967496847091635, 0.9977266545900537
0.9968311917385374, 0.998664392709639, 0.9977469501711599, 0.9986664888651821, 0.9968361558781971, 0.9977504829543998
0.9968002780589035, 0.9986890081527305, 0.9977437492645441, 0.9986828430010599, 0.9967852594388069, 0.9977331489696365
0.9962742099374929, 0.9985700324057405, 0.9974208000657645, 0.9985753963780222, 0.9962881537910936, 0.9974304638473429
0.9968683798471033, 0.9985647944067988, 0.9977158660247875, 0.9985609588125854, 0.9968600248324834, 0.9977097668686453
0.9965425531914893, 0.9985854858548585, 0.9975629735818144, 0.9985808309337721, 0.9965311986863711, 0.9975549619889049
0.997040996027358, 0.9984517584333026, 0.9977458785438376, 0.9984486088850533, 0.9970349851236278, 0.9977412962905925
0.9967426376440461, 0.9985120880022985, 0.9976265782229581, 0.9985109114249037, 0.9967400664288351, 0.997624703087886
0.9969566111453835, 0.9986919487903101, 0.9978235254771007, 0.9987006343359934, 0.9969767845652596, 0.9978379649269866
0.9965437435641242, 0.9987533975027078, 0.9976473470137638, 0.9987411909159384, 0.9965099759095682, 0.9976243358704671
0.9967877997968001, 0.9985914768930242, 0.9976888231487473, 0.9985957215633616, 0.9967974625262188, 0.9976957817444468
0.9967274617949006, 0.9986006843368571, 0.9976631937712379, 0.9985863317889611, 0.9966939595241774, 0.9976392482706721
