0.9103538461538462, 0.9169708609128375, 0.9102122765837408, 0.909975891148856
0.911876923076923, 0.9180286059289464, 0.911852679229762, 0.9115480700833302
0.9083589743589744, 0.91517450034196, 0.9082658981484361, 0.9079673706198157
0.9102769230769231, 0.916799985356324, 0.910194355139436, 0.9099124048187796
0.9094923076923077, 0.9158876532448983, 0.9096642186679844, 0.9091674869924923
0.9096307692307692, 0.9158517956008434, 0.9096445738611938, 0.9092935341601748
0.9079179487179487, 0.9150989152034417, 0.907761390081063, 0.9074941925587916
0.9064974358974359, 0.9135898626377059, 0.906451821005467, 0.9060879097122972
0.9076102564102564, 0.9143773467357306, 0.9076338632261394, 0.9072350258002173
0.9101794871794872, 0.9167609233715004, 0.9101029616797413, 0.9098122653771747
0.9112461538461538, 0.9177309264285931, 0.9114156724288447, 0.9109239985010033
0.9084820512820513, 0.9154109068878868, 0.9085085615898697, 0.9081027390624166
0.9094615384615384, 0.9159350350512466, 0.9095661286798131, 0.9091229298792769
0.9095179487179487, 0.9162636115032834, 0.909443025102854, 0.9091388307197146
0.9095384615384615, 0.9158472019466105, 0.9094414576003795, 0.9091796955743021
0.9102153846153846, 0.9169143606794377, 0.9102720273345404, 0.9098614003190375
0.9087641025641026, 0.9157260100246227, 0.9086634906257764, 0.9083655007557615
0.9092820512820513, 0.9158547480716693, 0.9093311158760315, 0.9089293065339611
0.9085025641025641, 0.9152187857335858, 0.9084595670479815, 0.9081246731247654
0.9097282051282052, 0.916199899445882, 0.9098160313306606, 0.9093885409046983
0.9069076923076923, 0.9137873677361915, 0.9067686532278458, 0.9064977975344874
0.9100410256410256, 0.9169173356688419, 0.9099857850214017, 0.9096604846314604
0.9083384615384615, 0.9153887753716797, 0.9084584184001245, 0.9079653440734357
0.9119333333333334, 0.9184344462243905, 0.9117641294709002, 0.9115653352597166
0.9104666666666666, 0.9169540454276248, 0.9104111029482329, 0.9101089591854219
0.9098512820512821, 0.916380107616483, 0.9099091697845392, 0.909504855870573
0.9104564102564102, 0.9169812177670777, 0.9103642743788133, 0.9100912653392865
0.9090923076923076, 0.9157728539046333, 0.9090825595838081, 0.9087242312500305
0.9108051282051282, 0.9170954355104394, 0.9107096698525929, 0.9104536423515992
0.9101076923076923, 0.9164901828498597, 0.9102677772286899, 0.90978463574795
0.9109589743589743, 0.9171591348931609, 0.9109003087142804, 0.9106183972644164
0.9096666666666666, 0.9162973242383785, 0.9095691982208851, 0.9092911230683267
0.9085076923076923, 0.9152178916498597, 0.9085279127516448, 0.9081395280377889
0.9096974358974359, 0.9161008867563782, 0.9098462983979692, 0.9093698834523005
0.9074564102564102, 0.914768110391476, 0.9073992944230818, 0.9070381457202883
0.9100102564102565, 0.9166534789337402, 0.9102140960699306, 0.9096788452453568
0.9083641025641026, 0.9150803541288768, 0.9082004199720679, 0.9079671225920907
0.9093128205128205, 0.9157141811059928, 0.9093338329272367, 0.9089654260764296
0.9101641025641025, 0.9166812662646079, 0.9101647439221738, 0.9098115436996413
0.9073025641025642, 0.9142355764262086, 0.907256177310219, 0.9069060706897868
0.9079641025641025, 0.9148900441147136, 0.9078162384313035, 0.9075559536537081
0.9099897435897436, 0.9166534702784273, 0.9100247985938001, 0.9096334688506584
0.9104923076923077, 0.9167808222490326, 0.9103811714747373, 0.910137091964871
0.910051282051282, 0.9166632713383609, 0.9098297522667995, 0.9096598367674079
0.9105384615384615, 0.9168316534014949, 0.9104166508813751, 0.9101816241005471
0.9087794871794872, 0.9156330683728358, 0.9086665536874503, 0.9083849882019296
0.9113179487179487, 0.9180322567322805, 0.9113023573869989, 0.9109581846002155
0.9092461538461538, 0.9156144101285586, 0.9092302912051473, 0.9088948440244875
0.9105025641025641, 0.9169492611642186, 0.9104872668445145, 0.9101530666344646
0.9072820512820513, 0.9143808910877971, 0.9072491885133782, 0.9068783020484998
0.9096051282051282, 0.9160614390363822, 0.9095432698900856, 0.9092439786678179
0.9096512820512821, 0.9164277369686086, 0.9096813987519621, 0.9092865950880756
0.906625641025641, 0.913629733976064, 0.9066062979046308, 0.9062257477714872
0.9112615384615385, 0.9173514207770965, 0.9113821640267324, 0.9109535583191382
0.9098205128205128, 0.9161419114967477, 0.9099594928670335, 0.9094965356735103
0.910251282051282, 0.9164945043884543, 0.9101942417692062, 0.9099053591725005
0.9087589743589743, 0.9155961095776091, 0.9087958446268264, 0.9083875686334657
0.9092769230769231, 0.9163454876075542, 0.9090563164048304, 0.9088569383199308
0.9082307692307693, 0.9149782737233696, 0.9082445065126445, 0.907858239788914
0.9096410256410257, 0.9160536927011795, 0.9097419086176995, 0.9093059887164134
0.9069794871794872, 0.9136333417638721, 0.9070629233734582, 0.9066162916700169
0.9095794871794872, 0.9163447478326354, 0.9094141748602136, 0.9091859887048425
0.9095333333333333, 0.9160381122765361, 0.9097021389710588, 0.9092023702324624
0.908297435897436, 0.9155183590790643, 0.908196955569295, 0.9078822082247751
0.9089846153846154, 0.9157521285844615, 0.9089460524435196, 0.908607023213585
0.9094564102564102, 0.9160106304371032, 0.909378690673337, 0.9090868891079398
0.9097641025641026, 0.9164280055151584, 0.9096470562995094, 0.9093843260763621
0.9084153846153846, 0.9151850581554197, 0.9081616690482432, 0.9080016450188895
0.9100769230769231, 0.9166347580206249, 0.9101743403955436, 0.9097356059712705
0.9098512820512821, 0.9162363257882811, 0.909967266456882, 0.9095208070070787
0.908297435897436, 0.9149751964235002, 0.9084338970993882, 0.9079468540487174
0.9103641025641026, 0.9167625313393795, 0.9102943463049668, 0.9100085528077038
0.9096358974358975, 0.9165373110856497, 0.9095811883344964, 0.9092520030065445
0.9093230769230769, 0.9158065430021045, 0.909456128682252, 0.9089873165070175
0.906374358974359, 0.9136910078157918, 0.9063130673121205, 0.9059491866692904
0.9087179487179488, 0.915542075000811, 0.9084944891149954, 0.9083076639489432
0.9073794871794871, 0.9144142668242508, 0.9074665363507655, 0.9069976332192319
0.909348717948718, 0.9157934437208339, 0.9094101155685601, 0.9090049823851657
0.9092, 0.9155344223284385, 0.9092031660991536, 0.9088531002930229
0.9099897435897436, 0.9165117068736437, 0.9099148200209306, 0.909625005217269
0.9106871794871795, 0.9172123625196031, 0.9107585125002637, 0.9103467582747009
0.9091641025641025, 0.9156275575126416, 0.9091871396509174, 0.9088129413788104
0.9101384615384616, 0.9166047631198295, 0.9098872216567575, 0.909750632321956
0.9085948717948718, 0.9153679929329429, 0.9085876697897812, 0.9082196621300473
0.9093333333333333, 0.916019372922608, 0.9093294330294133, 0.9089670062722435
0.9104, 0.9169317457395672, 0.9102816467470727, 0.910030302030038
0.909676923076923, 0.9161137561820849, 0.9097542686350819, 0.9093374086867416
0.907, 0.9140228798020493, 0.9070615409198035, 0.9066131226626737
0.9099179487179487, 0.916771931327446, 0.910053258118414, 0.909565354736011
0.9078461538461539, 0.9148142927339908, 0.907676722314443, 0.9074316954109916
0.9083435897435898, 0.9150327578283767, 0.908299370622095, 0.9079661962814325
0.9106307692307692, 0.9171404361472488, 0.9107123185671517, 0.9102923489656563
0.9089641025641025, 0.9157538138271433, 0.9088224197279603, 0.9085696600213736
0.9087333333333333, 0.9157288065673633, 0.9086252000276597, 0.9083316020795509
0.908676923076923, 0.91550733976658, 0.9087381699067909, 0.9083090212436956
0.9094461538461538, 0.9159864230431398, 0.9095467469012105, 0.9091033051962649
0.9107948717948718, 0.9171617957311996, 0.9108984540866301, 0.9104678558443674
0.9078461538461539, 0.9148623925581723, 0.9075863987751618, 0.9074148052063806
0.9098410256410256, 0.9161265629274369, 0.909970086344785, 0.9095176791877291
0.9099897435897436, 0.9160770000590219, 0.910056246809622, 0.9096688729735654
