0.591840516526709, 0.6208829999488412, 0.6060140013781671, 0.599292735943938, 0.5697424561764253, 0.5841441175540494
0.593951461861483, 0.6168004258455491, 0.605160344290779, 0.5998674562284884, 0.5767017428477474, 0.5880565422862113
0.5949702573767596, 0.6210055018800652, 0.6077091594519669, 0.6027854734445804, 0.5763524543877121, 0.5892726862373572
0.5917991826299173, 0.6263889458362376, 0.6086029858476003, 0.6027119530858277, 0.5674438651943681, 0.5845464252111678
0.5921570542559945, 0.6210930697126467, 0.60628, 0.600637045834908, 0.5712173332648766, 0.585557894736842
0.5929609274283444, 0.6267635216130651, 0.6093938337401006, 0.6033125347097449, 0.5688470897460908, 0.5855731120858215
0.5921957059005252, 0.6298205265103289, 0.6104288983978505, 0.6056051457075348, 0.567210360231138, 0.5857792826155962
0.5934960140942407, 0.625444921991199, 0.609051771498207, 0.6042292143112624, 0.5717098583749526, 0.5875198920821609
0.5907233052192228, 0.6307336858859167, 0.6100732000437015, 0.6049066678385832, 0.56403216718742, 0.5837547843972984
0.5943254231987177, 0.6245083238335849, 0.6090431525337152, 0.6055198308230115, 0.5748496860563972, 0.5897862994120212
0.594741951616541, 0.6215030844588363, 0.6078281044081317, 0.6029369080764972, 0.5757591311310489, 0.5890346938882675
0.591474296799224, 0.6257799031278221, 0.6081436862995393, 0.6031882480957562, 0.5682405281285878, 0.5851930832084117
0.5935144319025114, 0.6242477149019205, 0.6084932576508394, 0.6048408001036851, 0.5736044248694049, 0.5888086300980979
0.5947993081648476, 0.613000051221636, 0.6037625430714822, 0.5998114366829805, 0.5814139754582328, 0.5904694368113962
0.5932930490190382, 0.6291086079250824, 0.6106761423950801, 0.6062528615344365, 0.569739686312274, 0.5874294285095618
0.5952809340347721, 0.6247447225557505, 0.6096570510092184, 0.6056893911618176, 0.5757454616275614, 0.5903379560777966
0.594088324635875, 0.6243541076197395, 0.6088453191648582, 0.60219096740638, 0.5713654168423, 0.5863733481047717
0.5966144137827415, 0.6102766393442624, 0.6033681971281688, 0.6003047338832554, 0.5865297741273101, 0.5933373146729676
0.5940746856968732, 0.6193013556855793, 0.6064257834057455, 0.6016597510373444, 0.5760643048526347, 0.588583895362863
0.5927962177706292, 0.623943199540343, 0.6079710470934621, 0.6033977168208624, 0.5717171095800525, 0.5871303651994462
0.5904851385341123, 0.6192103615669612, 0.6045066979269991, 0.6002822576301132, 0.5711181492984021, 0.5853371571439077
0.5940963404791433, 0.6184830723829822, 0.6060444801445856, 0.6013682790518404, 0.5766364159001314, 0.5887427283685341
0.5947825053482292, 0.61591319330489, 0.6051634487484381, 0.6017313255062107, 0.5803520144416181, 0.5908483354914164
0.5925397910360316, 0.624473876488325, 0.608087863194761, 0.6058861648126147, 0.5734510922342503, 0.5892226009232369
0.5905148817241479, 0.6319051191662984, 0.6105092790261243, 0.6058935507653033, 0.5635983991647816, 0.5839811642927595
0.5946221485918185, 0.6223886722758054, 0.6081886590030631, 0.6042327587133962, 0.5760405987287267, 0.5897999779561117
0.592368297271872, 0.6197711614173228, 0.6057599807599807, 0.6010198812290214, 0.573196257079537, 0.5867784219813461
0.5943230965647608, 0.6167426669953168, 0.6053253632647713, 0.6028374078055322, 0.5801581448705343, 0.5912803837341002
0.5931029144250494, 0.6291286051524171, 0.6105848250306308, 0.6057478287435081, 0.569006866864815, 0.586802803056727
0.5912882925556082, 0.628462518494164, 0.6093089279043705, 0.6050265966161676, 0.5671226144647391, 0.5854617518826793
0.5910136364073793, 0.6325145476080127, 0.6110602563082066, 0.6082756046417161, 0.5659159389203821, 0.5863316965797494
0.5945490555440598, 0.6191028298208533, 0.6065775651046248, 0.6030177622362666, 0.5781336504746868, 0.5903135811903628
0.5914532902210958, 0.6261062629128249, 0.6082866472932084, 0.6046754262984578, 0.569402228976697, 0.5865089655608614
0.5960520880461081, 0.6205381827118019, 0.6080487217562307, 0.6029080856353, 0.5780579013334977, 0.5902215415600218
0.5950413223140496, 0.6217387296026551, 0.6080971416548947, 0.6029226749249976, 0.5758033211127884, 0.5890510258753822
0.5941567608088243, 0.6251920752320269, 0.6092794569096763, 0.6035239426546601, 0.5719229426382699, 0.5872986581604408
0.5952333958353894, 0.6176714559288882, 0.6062448801129767, 0.6014305540728088, 0.5786894844428923, 0.5898409075441967
0.5938345791196443, 0.625312522506765, 0.6091671761769688, 0.6069613080783552, 0.5749895201774924, 0.5905429954531612
0.594606521206178, 0.6218209040938552, 0.6079092873219809, 0.603579682880946, 0.5759478089611029, 0.5894400907024717
0.5937895635617756, 0.6208301267251553, 0.607008848847242, 0.6031232882597442, 0.575683018094213, 0.5890837756750519
0.5927857073502282, 0.6260356849876948, 0.608957159243928, 0.6036409085968917, 0.5697681575707837, 0.5862156314317378
0.5902041759320761, 0.630311192441735, 0.6095987114222081, 0.6053512439776556, 0.5644076988406717, 0.5841629246801661
0.5953938322529955, 0.6190378940274275, 0.6069856971930053, 0.5996136509980683, 0.5755905592928742, 0.5873565695483288
0.5897477827584217, 0.6297338660805079, 0.6090852643866578, 0.6040508776169241, 0.5632149770080804, 0.58291862098206
0.5938696569508478, 0.6243632928031548, 0.6087348311906764, 0.605091552945241, 0.574100630992379, 0.5891888482401918
0.5949515731449312, 0.6289240428413148, 0.6114663022771023, 0.6066573870680093, 0.5720335507157213, 0.5888369343789911
0.5948004329721981, 0.6255448326786794, 0.6097853579533526, 0.6050750110867144, 0.5737950416953012, 0.5890200372737515
0.5926038104543234, 0.6236619950027249, 0.607736356667986, 0.6049649217485159, 0.5734191330680225, 0.5887697810364659
0.5954699595638032, 0.615729050593443, 0.6054300734798911, 0.5994906928920759, 0.5789609079964191, 0.5890469759309861
0.5953839411793349, 0.62525695701531, 0.6099549046212787, 0.6030764231165032, 0.5726437703788276, 0.5874662333277055
0.5921849955041245, 0.6214358974358974, 0.6064579413060015, 0.6017651374563031, 0.5720410256410257, 0.5865267320068985
0.5926168974906463, 0.6215777524373081, 0.6067519391894264, 0.6034961572409636, 0.5740996733531983, 0.5884310010967617
0.5941121202630755, 0.6217824621782462, 0.6076324416305898, 0.6022041713349996, 0.5740826324059525, 0.5878072504534819
0.5933602276270658, 0.623839770515316, 0.6082183844901465, 0.6025266302935828, 0.5715063148167163, 0.5866066629427822
0.597464688144739, 0.6169304040559226, 0.6070415367017551, 0.6028943344941816, 0.5831972474708571, 0.5928822390093397
0.5902779120815363, 0.6286482255772281, 0.6088591434100022, 0.6062826196143516, 0.5671923839097837, 0.5860864241835723
0.5938086211807226, 0.6195790293490736, 0.6064201641901075, 0.6016033311512003, 0.5754496181325449, 0.5882359113732115
0.5955310142456356, 0.6147587957182914, 0.6049921698364982, 0.6000616188766241, 0.5806007277810901, 0.5901707861176851
0.5917790448899775, 0.6275498157254463, 0.6091397367293454, 0.6043749931845196, 0.5679109753973215, 0.5855758766786058
0.5927163642404166, 0.6252821903122391, 0.6085639183738989, 0.6076990319551915, 0.5746446102193059, 0.5907097748777878
0.5902504935124672, 0.6325870391290952, 0.6106858876484702, 0.6053328332193367, 0.5620301136945611, 0.5828783275616648
0.5939378586669525, 0.6239125539884961, 0.6085563259010797, 0.6021567077725929, 0.5716385388615948, 0.5865008937186605
0.5976485504016482, 0.6159767240059211, 0.6066742411293323, 0.599993619804128, 0.5814209902622495, 0.5905613179406132
0.5929550845659846, 0.6314162790458882, 0.6115815907904224, 0.6068087716607882, 0.5675384946368749, 0.5865170323707684
0.5944279113477955, 0.6208095204015909, 0.6073323564859499, 0.6005406686196795, 0.5737171902169999, 0.5868225661318586
0.5930824908540183, 0.6185967791568366, 0.6055710082641309, 0.6015367139611643, 0.5756640344580043, 0.5883160575602905
0.5930344429478546, 0.6330556953445141, 0.6123918950469179, 0.6076323303316494, 0.5667359752537616, 0.5864720627904881
0.5901213677208542, 0.622650221638483, 0.605949551636676, 0.6010176626307339, 0.5679180677437874, 0.5839992409707141
0.5953925165077036, 0.6235937788160079, 0.6091669293939257, 0.6040097008892482, 0.5753403560648063, 0.5893265605527599
0.5923312913122163, 0.6261381074168798, 0.6087657089999453, 0.601346118183504, 0.5668483290488432, 0.5835878488892182
0.5938181351801975, 0.618246435761535, 0.6057861179466276, 0.60309272845716, 0.5783560689852936, 0.5904654360293388
0.5944667909349554, 0.6215980550055908, 0.6077297641554378, 0.6036639088857849, 0.5761236271905987, 0.5895723257900508
0.5956223701625808, 0.6171401670214508, 0.6061903756647266, 0.6009940485078606, 0.5791875668119398, 0.5898893460213771
0.5948206703582679, 0.6238610244623215, 0.608994841488456, 0.6049296230034703, 0.5754223734929877, 0.5898071770083539
0.5936761287045539, 0.624057911489886, 0.6084880158587133, 0.6047222162243863, 0.573844892941297, 0.588879076515486
0.5946412628645992, 0.6205717328091084, 0.6073298429319371, 0.601839416372095, 0.5755044589651913, 0.5883774060555133
0.594248322345474, 0.6208694759533953, 0.6072672871672842, 0.6038124456935668, 0.5768099605472152, 0.5900024108256554
0.5905659295502762, 0.6334228490600848, 0.6112440901268026, 0.6041966400318732, 0.560294751534309, 0.5814181345715563
0.590763727558152, 0.6252546243904447, 0.6075200295883126, 0.6045938582113044, 0.5695106239391399, 0.5865280827291347
0.5951090419014947, 0.6226260306001067, 0.6085566374830236, 0.6041946759881689, 0.5762484099954864, 0.589890737639072
0.5938213094611199, 0.6241953339620321, 0.6086295989045587, 0.6034568542193955, 0.5725544928369115, 0.5875996587641786
0.591911121478976, 0.6249884540780196, 0.6080002396178096, 0.6033348531231681, 0.5696626794994004, 0.5860154680753475
0.5924191135952137, 0.6184855302493297, 0.605171763878069, 0.6022853838245373, 0.5758711434685999, 0.588782160337111
0.591004803260395, 0.6235960233031975, 0.6068631553775333, 0.6001631410082114, 0.566951947478193, 0.5830850187028467
0.5913124115378984, 0.6230214643477903, 0.6067529397624151, 0.6039760142617903, 0.5717661017295871, 0.5874298564553078
0.5983675739010416, 0.6166259068629959, 0.607359551694249, 0.6026556087007243, 0.5841806051011071, 0.5932743104132301
0.5925384765244497, 0.625179856115108, 0.6084216843368674, 0.6050465670348711, 0.5718526100307062, 0.5879814775836666
0.5939444780428803, 0.6223298787841622, 0.6078059492912757, 0.6004411669297809, 0.5715432594330884, 0.5856359417844337
0.5936671632838652, 0.6262948939080025, 0.6095447163354806, 0.6004103280441757, 0.5670847978231068, 0.5832719331258979
0.5937968102916557, 0.6214305474441336, 0.607299489336137, 0.6021064194100734, 0.5740290140758308, 0.5877325764742983
0.5897598768105481, 0.6286057199130114, 0.6085635263097786, 0.6025577693616554, 0.5628819885967431, 0.5820445255048751
0.5951612745049966, 0.6211731952220596, 0.6078890958991927, 0.6021648697745913, 0.5757392010359605, 0.5886556122985099
0.5910315291746604, 0.6262371155188698, 0.6081252180848412, 0.6033945573784779, 0.5675232591499652, 0.5849094461164792
0.5949879298745498, 0.6164056414251158, 0.6055074506645187, 0.6015395426089178, 0.579857547518371, 0.5904995819397993
0.5946766193586407, 0.6202060968614275, 0.6071731206032922, 0.6021140741535654, 0.576199474203089, 0.5888718048288999
0.5918700916863322, 0.6290486714293057, 0.6098933132683214, 0.6060434042181564, 0.5681420457452796, 0.5864810188095225
0.5929937615685199, 0.6207391460351632, 0.6065493303414908, 0.6017375203195142, 0.57355702631984, 0.587309425992666
0.5953827579776009, 0.6216640019677776, 0.6082396177507258, 0.603580288012371, 0.5768978117173708, 0.5899374963920041
0.594019511517353, 0.6142967106275978, 0.6039879715029567, 0.6012160570464458, 0.5807205452775073, 0.5907905987362099
0.5913880514545508, 0.6279153543712304, 0.6091045692577265, 0.6063740595159025, 0.5691829684593528, 0.587190206818745
