0.820912344701793, 0.9826160389697326, 0.8945150448368483, 0.9785710658609659, 0.7873829150450975, 0.8726276525292775
0.8236150849736289, 0.9807682439990558, 0.8953480201799708, 0.9762676662783041, 0.7902047008415592, 0.873437154786116
0.8219344394981789, 0.9811997615278663, 0.894533391433913, 0.9768078820232555, 0.7883619542747201, 0.872525866902258
0.8229856737967454, 0.9816782440708619, 0.8953546675913907, 0.9774072149925873, 0.7896482535522706, 0.8735525444075128
0.823004210707227, 0.98133101080998, 0.8952211810342813, 0.9768281826274958, 0.7885426826138289, 0.8726446445309172
0.8221295155020385, 0.9818011508095812, 0.8948988112550782, 0.9776154362331134, 0.7891079294028677, 0.8733049074273047
0.8213511374195547, 0.9804151133294308, 0.8938618626491697, 0.9757908901640177, 0.7873172930174436, 0.8714803204063469
0.821052993924373, 0.9812407437880534, 0.8940281304759317, 0.9768522043706693, 0.78731282219131, 0.8719005924130353
0.824075430718712, 0.98070690079593, 0.8955943856165378, 0.9761817329973536, 0.7906547423695438, 0.8736775897142404
0.8245775544619197, 0.9803498363338788, 0.8957418172981663, 0.9756131620372721, 0.7903229123817359, 0.8732472785946412
0.8221018474005907, 0.9816312514734975, 0.8948118386320634, 0.9771754636233951, 0.7873320813193354, 0.8720411468841465
0.8234086242299795, 0.9813474273022663, 0.895467212114957, 0.977065264116115, 0.7906044113434546, 0.8740005202384049
0.8235061371592737, 0.9806612856967264, 0.895239074838583, 0.9760226565575748, 0.7892720699995892, 0.8727691879645455
0.8219426781734799, 0.9809915997453224, 0.8944517530512783, 0.9765038906307518, 0.7880190940566676, 0.8721946020714169
0.8210810207254331, 0.9824972507425564, 0.8945659395674836, 0.978325888027694, 0.7867882621467539, 0.87216492505985
0.8222915445865362, 0.9805376299889021, 0.894469441319835, 0.9760119560261411, 0.7888907088161828, 0.8725317028985508
0.8230092301869263, 0.9812617306489164, 0.8951953216374269, 0.9768002945994336, 0.7889721945866112, 0.8728964539007092
0.8231829649465717, 0.9803623983510568, 0.8949235680118323, 0.9757173833102976, 0.7893478862981238, 0.8726934549125016
0.823750514897707, 0.9811316897665481, 0.8955794816293781, 0.9764756855948619, 0.7886254168210448, 0.8725546015623221
0.8225324199732885, 0.9810085605352133, 0.8948078851904275, 0.9765912977389322, 0.7891762971758468, 0.872937872937873
0.8233760422672163, 0.9815158633281703, 0.8955180578562671, 0.9771282064299948, 0.7895006717190881, 0.8733508037527369
0.8229856843695287, 0.9827314093629581, 0.8957924630532669, 0.9785306559298711, 0.7882965183117097, 0.8731723400868636
0.8234919322897832, 0.981456967234143, 0.8955620789265465, 0.9770853939993406, 0.7898535125216554, 0.8735495354545403
0.8244800316670826, 0.980645425421942, 0.8958076218257975, 0.9759997969311216, 0.7903635261107742, 0.8734269229021853
0.8243396909081512, 0.9800389184760344, 0.8954716875193007, 0.9753034795610633, 0.7905608052588332, 0.8732683602037691
0.8221999602739372, 0.9811913841080079, 0.8946871343792729, 0.9769591071496206, 0.7898540369500867, 0.8734993819739583
0.8236580243087835, 0.9811734788047826, 0.8955422239276722, 0.9767087836809255, 0.789839758714787, 0.873390582283076
0.8230921448851415, 0.9808279849904653, 0.8950638074922346, 0.9762599974609623, 0.7890254663355974, 0.8727132416360253
0.8231177896600932, 0.9816485544392044, 0.8954204969466862, 0.9772478836718611, 0.7888774882002872, 0.8730171346815493
0.8215893344350056, 0.9812302125734962, 0.8943416201732319, 0.9768312334259577, 0.7878648327807114, 0.8722306249964595
0.823909406102841, 0.9795937201981152, 0.8950319724545007, 0.9748273332152706, 0.79055405668797, 0.8730733282351941
0.8239618483575512, 0.9826704720448433, 0.8963450607283658, 0.978587375685001, 0.7904584298215054, 0.8745196286261662
0.8238121537426002, 0.9802240453429988, 0.89523755937226, 0.975656614171238, 0.7908287145652553, 0.8735733645679494
0.8244291903158294, 0.9810195338922254, 0.8959336581165382, 0.9765251669983396, 0.790764272370825, 0.8738819979695892
0.8237181427447182, 0.979897739781694, 0.8950459508729726, 0.9753801957992616, 0.7915682485147806, 0.8739134361382673
0.8216962864150781, 0.9808306709265175, 0.8942389644934391, 0.976321299409936, 0.7878493093173045, 0.8720177715315479
0.8252918120342853, 0.981326887029203, 0.8965710863217788, 0.9768991953367547, 0.7917184435110349, 0.874614267562171
0.8234442961112786, 0.9811278156909026, 0.895396862561461, 0.9766905380569111, 0.7898723796832556, 0.8734032303768773
0.8219032246986504, 0.9809712160181988, 0.8944199191834256, 0.9763511792572971, 0.7870466374434099, 0.871537783840623
0.8230653158008191, 0.9801314303316562, 0.894757809387669, 0.9755140778234735, 0.7897756377420346, 0.8728734395787924
0.8244179433711892, 0.9804578619445811, 0.8956927138430429, 0.9758442479669648, 0.7908249158249159, 0.8736462503260339
0.8218025028558668, 0.981202506332489, 0.8944563896419557, 0.9766713756633958, 0.7871818806610112, 0.8717482676360332
0.8237200482675401, 0.9800639921240463, 0.8951164228312384, 0.9753861737148645, 0.790210077137699, 0.8730874719495886
0.8230483463185594, 0.9813388838191718, 0.895250567079017, 0.9768783189775644, 0.7888910547752664, 0.8728779408008628
0.8230549877175202, 0.9815721543882652, 0.8953515533753796, 0.9771043856746506, 0.7884386296418009, 0.8726911054276784
0.8219597851535602, 0.9813779495190331, 0.894622447067641, 0.9770120775398355, 0.7882820176875205, 0.8725583503285747
0.82246679709383, 0.9804687098663324, 0.8945444319460067, 0.9759278722569045, 0.7890937759166163, 0.8726222826086957
0.8229773825000646, 0.9817995069843879, 0.8954001939028331, 0.9775272349114152, 0.7894203195411716, 0.8734609696811736
0.8218826447989526, 0.9813125443531384, 0.8945495797452689, 0.9769731839610686, 0.7885014677453999, 0.8726772584999746
0.8234508316814617, 0.9804917595386162, 0.8951357529652045, 0.9759275674306699, 0.7900137359821228, 0.873184382860121
0.8223202819984659, 0.98027390504762, 0.8943766931318604, 0.9756872776082359, 0.7889153961931871, 0.8724170337073562
0.8223215436847308, 0.9814427278882255, 0.8948636046897726, 0.9770008263937449, 0.7880186222030805, 0.8723924778484785
0.8235086176422407, 0.9811198652299411, 0.8954315767763226, 0.9767391827075186, 0.790371637190345, 0.8737278253880203
0.8238375449086319, 0.9790715294984949, 0.8947715629166959, 0.9741039642219154, 0.7899295210306778, 0.8724023487362778
0.8218525480905415, 0.9816073570571772, 0.8946542202786422, 0.9771467879390071, 0.7870532828516021, 0.871858696764074
0.8226104918879373, 0.9810211036294958, 0.894859298999574, 0.976539998731206, 0.7887800278757071, 0.872674909717616
0.8222765964779267, 0.9800478522945484, 0.8942567615049825, 0.9753838747276137, 0.7886843480131535, 0.8721544726959655
0.8242026605212696, 0.9815264251994307, 0.8960111429987007, 0.9770795481977461, 0.7899883920408436, 0.8736296818021744
0.8216892775979616, 0.9801513549036319, 0.893952377607642, 0.9754795007103714, 0.7877946584983557, 0.8716483890164074
0.8239052035033488, 0.9818170655588413, 0.8959563749772397, 0.9773745861981156, 0.7891663496828448, 0.8732445637644971
0.822065401224234, 0.982173079092858, 0.8950152822305514, 0.9778652300717023, 0.7874409016788538, 0.872382488950496
0.8256216393499219, 0.9803738700883432, 0.8963675463954235, 0.9758014582306633, 0.7926220926652023, 0.8747246025497981
0.8218849221714551, 0.9828065193233733, 0.895171153440641, 0.9787898404478124, 0.7883695252116305, 0.8733203091820266
0.8228552717747217, 0.9808642419137812, 0.8949388263850165, 0.9764021887824897, 0.7894575135954446, 0.8730342995962421
0.8214071162527248, 0.9822660098522168, 0.8946635383853208, 0.9779810902418512, 0.7866953669536695, 0.871970824481078
0.8244001514682089, 0.9813245915074528, 0.8960437021481589, 0.9768666565148977, 0.7904810802484983, 0.8738456997882955
0.824238616903178, 0.9814025452384368, 0.8959807668021534, 0.976966128152087, 0.7903209247890274, 0.8737876199610677
0.824140129583678, 0.9813785037140395, 0.8959125564318229, 0.9770066889632107, 0.7907250953533199, 0.874050819412018
0.8252179295404137, 0.9812722979258457, 0.8965047047561232, 0.9767152189938738, 0.790783827448882, 0.8739700321287425
0.8242700635178871, 0.979746965644929, 0.8953087255261353, 0.9752146219883688, 0.7923194927388014, 0.8743045445825011
0.821883039224965, 0.9821511191536176, 0.8948980738964251, 0.9779619920531146, 0.7881909984755318, 0.8728811638868745
0.8232409967541946, 0.9811492606048201, 0.8952855868853684, 0.9765475796389192, 0.7884052012129311, 0.8724484862961889
0.8222210789861782, 0.9814445229103339, 0.8948048615485105, 0.9768667381207574, 0.7868911432477157, 0.8716477385933453
0.8215109449622306, 0.9819721023664818, 0.8946031746031746, 0.9775554733255923, 0.7863367169939135, 0.8715813424345847
0.8209527254562523, 0.9816481637865337, 0.8941377321057544, 0.9774118720766627, 0.7876463257676357, 0.8723280294588465
0.8235962112543983, 0.9814342098518632, 0.8956142648654717, 0.9770063864095174, 0.7895951977835924, 0.8733599673128434
0.822947653414039, 0.9795354947299281, 0.8944399149071757, 0.9747668400339142, 0.7895308672345048, 0.8724247675353652
0.8233566808018171, 0.9796333593653664, 0.894722270451378, 0.9749788544809564, 0.7906207771999508, 0.8731747853270547
0.822303721581393, 0.9818178089075302, 0.8950089276532892, 0.9774344223695766, 0.7877768317826992, 0.872417044383101
0.8219780219780219, 0.9823625375783631, 0.8950421373917352, 0.9781074885379522, 0.7874037544726616, 0.8724560795651408
0.822686269965926, 0.9814465923984272, 0.8950811252480448, 0.9769139624660781, 0.7877558149091806, 0.8721967865775629
0.8232388852080985, 0.9796043740017201, 0.8946406279951563, 0.974714715477082, 0.7889388895738297, 0.8720423818798158
0.821783960299298, 0.9829712633661742, 0.8951795867683718, 0.9787940301556296, 0.7866487446002934, 0.872265140568646
0.8227176678597611, 0.9803800655710747, 0.8946558871527452, 0.9758522547593448, 0.7896132076437293, 0.8729095476249745
0.822051021899693, 0.9818433889602054, 0.8948698508971443, 0.9775340864327738, 0.7880051216389244, 0.8725967264436656
0.8230889853873725, 0.9810427513683929, 0.8951513533013807, 0.9766139657444005, 0.7896704670006044, 0.8732491688330813
0.8228279680060613, 0.9805669843940777, 0.8947989326342399, 0.9759806221703676, 0.7890236525626173, 0.8726004875559839
0.8233940819462447, 0.9815495134106282, 0.8955427333669449, 0.977034480123298, 0.7885155069439448, 0.8727103101463126
0.8253177838553761, 0.9818492484934058, 0.8968043698688385, 0.9774661484134848, 0.7911744445472585, 0.874509202279688
0.8234462789976216, 0.9805140834231184, 0.8951423660063982, 0.9759486296164953, 0.7899636065405711, 0.8731621917156277
0.8233405356082192, 0.9812460886604496, 0.8953847594083505, 0.9768117412758617, 0.7895762199185866, 0.8732705828986165
0.8199969164353993, 0.9838648345888616, 0.8944877622622646, 0.9799366150385933, 0.7848961585309682, 0.8716389408294449
0.8240773392278119, 0.9816302276499396, 0.8959803247721779, 0.9772268299188396, 0.7899870628580816, 0.8736877366900021
0.8233756855733027, 0.9810609552489526, 0.8953284569185109, 0.9764979535805984, 0.7889926158712554, 0.8727882075605669
0.8226208271051321, 0.9817708333333334, 0.8951771975582167, 0.9773774079446268, 0.7881474185340228, 0.8726215224528281
0.8225215146299484, 0.9817772801512055, 0.895121071781448, 0.97748730964467, 0.7888048008684164, 0.8730681386689638
0.8239610484571644, 0.9802683423565413, 0.8953439460080951, 0.9755183929501099, 0.7896576180246482, 0.8728030810829234
0.8225788390142216, 0.9801393835510988, 0.8944735856125889, 0.9754780823480211, 0.7889024402742618, 0.8723254759746147
0.8250217441850451, 0.9803528304203676, 0.8960050877496528, 0.9756583034344612, 0.7911201118467043, 0.8737517953143006
0.8235167280474026, 0.9798651519349774, 0.8949134432436993, 0.9751824632859836, 0.7902559529300819, 0.8730338478263331
