0.8261841201380857, 0.9710658912747974, 0.8927853263422977, 0.9646120576507207, 0.7942608355548236, 0.8711869764501343
0.8235570767904267, 0.9720294816048355, 0.8916548797736916, 0.9660642795674785, 0.7926810548613883, 0.8708263069139967
0.8257294012885653, 0.9714074439240818, 0.8926640052096605, 0.9653963755686479, 0.7955383480825958, 0.8722751928843367
0.8249493821126859, 0.9697858850324712, 0.8915234255263964, 0.9633779347393554, 0.7943380943104102, 0.8707297198572592
0.826099806159436, 0.9719770498174417, 0.8931209472793911, 0.9657315807246395, 0.7942256461948305, 0.8716220792414494
0.8251641538555446, 0.9690133633710512, 0.8913221622538077, 0.9623261662578902, 0.7940315373157327, 0.8701158353314646
0.8245767149589807, 0.9703492969897398, 0.8915436406271379, 0.9641009699079831, 0.794126985752768, 0.8708979910476095
0.8207211120764553, 0.972522494698046, 0.890196669713618, 0.9665957446808511, 0.7891504710522551, 0.8689063150433716
0.8244676204950824, 0.9694847012664208, 0.8911148139931176, 0.9630995851653129, 0.7941806040619015, 0.8705214057579721
0.8235994921474163, 0.9715935903485915, 0.8914962912760269, 0.9653900957428193, 0.7919956522630791, 0.8701387950069848
0.8246245565714585, 0.970986380943584, 0.8918404283398061, 0.9647809241425707, 0.79376402939639, 0.8709568581582617
0.824670103993708, 0.9715235810692555, 0.892093608050557, 0.9656696040709941, 0.794997292243555, 0.8720612877374088
0.823075921343925, 0.9724091244769016, 0.8915323888828809, 0.9662970619557727, 0.7909931900229734, 0.8699011386258664
0.8255179458525044, 0.9702025487902481, 0.8920314910116652, 0.9639079802637303, 0.7951138996534826, 0.8714122795683219
0.8235345406352722, 0.9713386604140314, 0.8913509177558628, 0.9652965421061152, 0.7929747036139155, 0.8706913011736958
0.8253005768295225, 0.972374898926316, 0.8928213971890815, 0.9662152012817945, 0.7933175058325368, 0.8712715944171977
0.825113673057958, 0.9697914636523095, 0.8916217133803613, 0.963378390141388, 0.7944949800535325, 0.8708241535902163
0.8235176664641027, 0.9725941722886378, 0.8918692766213497, 0.9665079563964416, 0.7914247019473457, 0.8702475236354611
0.8251078185865331, 0.971279426816786, 0.8922466479869117, 0.964921492149215, 0.79327852004111, 0.8707217471741534
0.8246885617214043, 0.9705053156044001, 0.8916748691913174, 0.9641316544071812, 0.793508932144433, 0.8705387044301981
0.8260354307723141, 0.9722663822193048, 0.893205438664267, 0.9663015166809985, 0.7952431257115312, 0.8724668339503325
0.8242573396410185, 0.973211352061771, 0.8925625282507157, 0.9673907609239076, 0.7929575444635686, 0.87153184397802
0.8234183930838943, 0.9723220704529115, 0.8916966488970934, 0.9663217615155832, 0.7920413807231383, 0.8705446603471957
0.8243701360384149, 0.9722590525525988, 0.8922278815317864, 0.9663688584850411, 0.7937404689530945, 0.8715891211508204
0.8248941471659319, 0.972054822647708, 0.8924486419997455, 0.9660674661547284, 0.7940570725959322, 0.8716573028968636
0.8248938539709055, 0.9707475401107846, 0.8918971039919474, 0.9643160471622702, 0.793225319264792, 0.8704431303798824
0.8235837063095384, 0.9721157305103038, 0.8917067743957914, 0.9661543451682926, 0.7926411135561128, 0.8708387916542507
0.8236665390904979, 0.9705330695829533, 0.8910888293943001, 0.9640786646009296, 0.7919390760830519, 0.8695715871504319
0.8255157192262909, 0.9707850931423141, 0.8922763368600987, 0.9642258314772642, 0.7932859098817159, 0.8704428517370112
0.8254227851625026, 0.9717141511173013, 0.8926142296729038, 0.965495702578453, 0.7938656860529614, 0.8713092298846687
0.8240968479076177, 0.9722782465527886, 0.892075870728967, 0.966470017175715, 0.793825393580045, 0.8716814655994971
0.8262883914627798, 0.972620226922252, 0.8935026433185257, 0.9663782292450463, 0.7937598500221464, 0.8716046170986478
0.8253269771421586, 0.9706528659150185, 0.8921102302755757, 0.9644818929734298, 0.795049890384576, 0.8716082659478885
0.8260877142533484, 0.9712918660287081, 0.8928245166272686, 0.9650801959098216, 0.7950860909473598, 0.8718742611378196
0.8261264249428277, 0.9720541867367793, 0.8931690675826794, 0.9661710222045403, 0.7959706246863253, 0.8728512301549417
0.8248946430898901, 0.9728236921658042, 0.8927728405510885, 0.9668147406619533, 0.7931324744649181, 0.871403597811989
0.823098003392927, 0.9709767136362237, 0.890942820551454, 0.9646742864280807, 0.791576552105862, 0.869595081524187
0.8261783117403965, 0.9707825801891141, 0.8926621795385072, 0.9644840726258375, 0.7952806842802428, 0.8717478290721429
0.8236066086684455, 0.9730265319533432, 0.8921031945889208, 0.9671374422997535, 0.7920662240799935, 0.8708905247624573
0.8244563422392963, 0.9721146159995081, 0.8922175401632868, 0.9659645260550872, 0.7926854303955986, 0.8707884173018808
0.8231438196965344, 0.9718587799989722, 0.8913408242524792, 0.9658292460718609, 0.7920679596745305, 0.8703607899590625
0.8255546389962228, 0.9716005477548184, 0.8926433792290829, 0.9651907058307759, 0.7931978671278282, 0.870782739390104
0.8250222229968801, 0.9699689545999447, 0.8916433163013021, 0.9634784559025096, 0.7938624860114373, 0.8704849286538515
0.8250887863107652, 0.9718385134024009, 0.8924713422087146, 0.9659199741290314, 0.7948395152706133, 0.8720684098527257
0.8247585754861263, 0.9718955325328006, 0.8923021647354711, 0.9661309339125039, 0.7951745694498356, 0.8723560426507091
0.8260239027117696, 0.9712178486317693, 0.8927559768855988, 0.9652081056918645, 0.7960634114369982, 0.8725138059533964
0.8270460023053547, 0.9697633699558686, 0.8927367929908238, 0.9633094776601561, 0.7965213639212222, 0.872011742145191
0.8255197681603383, 0.9708612660559849, 0.8923108761499822, 0.9644538224314235, 0.7939359679325761, 0.8709270074638645
0.8234925115659061, 0.9724274162019795, 0.8917844085387427, 0.9665931216733356, 0.7928569967894317, 0.8711473107709591
0.8263467308631638, 0.9714230051473454, 0.8930311913806592, 0.9653151135005974, 0.7957506617149188, 0.8723696197406453
0.8232903416705829, 0.9726309079506081, 0.8917513868661303, 0.9667640522386196, 0.7922485854896303, 0.8708492894939578
0.8254277064812472, 0.9708975977177806, 0.8922724357765287, 0.9647162745561542, 0.7948765261247963, 0.8715997482127602
0.8243515762088924, 0.9700440709655548, 0.891283212987871, 0.9637552359762843, 0.793972782289032, 0.8706641962831958
0.8242762912042549, 0.970192612596025, 0.8913018963670194, 0.9635444684923623, 0.7920587418628328, 0.8694263201860339
0.8229144090645074, 0.9734397112209529, 0.8918704343128274, 0.9674823287172469, 0.7904622202162361, 0.8700595590933469
0.8243986314282722, 0.972038695070495, 0.8921517696064079, 0.9662182324563585, 0.7943473372176224, 0.871893547554668
0.8247286990629766, 0.9705502215657311, 0.8917172840495163, 0.9642354406726876, 0.7937894823201247, 0.8707498298525764
0.823816059205726, 0.9725287120590648, 0.8920167039747183, 0.9664605137963844, 0.7919265490356996, 0.8705315861882316
0.8273735913469075, 0.971689236182138, 0.893743120819575, 0.9654750916756055, 0.7961286872094459, 0.872662089491663
0.8237193676918669, 0.9725425083786858, 0.8919658216068357, 0.9664298334649073, 0.7915755765618746, 0.8703070516943702
0.8239893876981079, 0.9713180527550307, 0.8916085897217972, 0.9653302825308396, 0.7937747965151949, 0.8711871254460979
0.8259134653000547, 0.9705080140155887, 0.8923915085478114, 0.9638994135374073, 0.793788423318127, 0.8706121526993449
0.8259117416659414, 0.9720142182522203, 0.8930267139112799, 0.965896891773811, 0.7946066400353259, 0.8719188231383354
0.8242840719063546, 0.9709657231381642, 0.8916325540424048, 0.96470617579567, 0.793138451127357, 0.870549706549324
0.8224431571073186, 0.9715380742476085, 0.8907950953652803, 0.9653897093735162, 0.7910152850722278, 0.8695466234504335
0.8241247169482668, 0.9700256278831368, 0.8911428167820313, 0.9635320528810177, 0.7927757824525398, 0.8698530653605809
0.8252351983847245, 0.9706815715660381, 0.8920687335657066, 0.9642433549321447, 0.7936473683128841, 0.8706675459808016
0.8233341776353139, 0.971393829475897, 0.8912567660198076, 0.9655185263393246, 0.7935135466220217, 0.8711063794021237
0.8238156165408953, 0.9719352652440902, 0.8917667343468081, 0.965883983073063, 0.7926407015099675, 0.870728701885476
0.8233490155079282, 0.971783481408358, 0.8914294338483596, 0.9657940663176265, 0.7925771339716834, 0.8706538107117974
0.8252803953814161, 0.9714546162197595, 0.8924214696016672, 0.9651942602375333, 0.7937678450383091, 0.8711275424230299
0.8255436249793174, 0.9702769646476019, 0.8920779361322713, 0.96377652209707, 0.7941067647844765, 0.8707534358500454
0.8255946131218382, 0.9734496976641873, 0.8934463945309933, 0.9674636709003599, 0.7933498524588478, 0.8717983481905794
0.8261917817757701, 0.9724718007560779, 0.8933835294117647, 0.9664582007015442, 0.7949605199659107, 0.8723605633802817
0.8250238943435572, 0.9718730808597749, 0.8924479533812679, 0.9656113127268177, 0.7930318602261048, 0.8708537892895435
0.8259323186359119, 0.9713653000338326, 0.8927647665757374, 0.965211867573425, 0.7951180472188876, 0.8719472058600145
0.8254982716135381, 0.9706568924563846, 0.8922119904573238, 0.9642433845270919, 0.7940880322209436, 0.870932663214654
0.8236184840309808, 0.9709162161330365, 0.8912221557816628, 0.9646023223873142, 0.7921721029910893, 0.8699250617916481
0.823913062408025, 0.9718068279857032, 0.8917697509483754, 0.9657555608228645, 0.7928837723790405, 0.8708231390084086
0.8264423202600141, 0.971215286311133, 0.892999213817973, 0.9649662873736555, 0.7953854372123603, 0.8720077035268413
0.8250579522664329, 0.972502507214638, 0.8927331739463313, 0.9663363359601097, 0.7928702123722785, 0.8710509822078927
0.8256703312019792, 0.9711270491803279, 0.8925110878838385, 0.9648654714111163, 0.7945379876796714, 0.8714570453700888
0.8250124052197683, 0.9723390720866764, 0.8926376467596321, 0.9663542537658026, 0.7939077654971599, 0.871684031002516
0.8244404546088412, 0.9705330118504079, 0.8915415101719596, 0.9642180803348949, 0.7934792638540011, 0.8705560773682641
0.8252343299994763, 0.9707014608206466, 0.8920766251715858, 0.9645104329876396, 0.7948026929264569, 0.8714713466324358
0.8251641978759083, 0.9714561868920558, 0.8923541912632822, 0.9655172413793104, 0.7952038958115933, 0.8721234221598878
0.8261047320807238, 0.9704875481570046, 0.8924944905717118, 0.9639180409795103, 0.7942105967491224, 0.8708736165433478
0.8235002176752285, 0.9712862644415918, 0.8913087525032395, 0.9651154086088584, 0.7923585147247119, 0.8702460975952749
0.8252784851110003, 0.9693605912038893, 0.8915357419696368, 0.9630703286629254, 0.795644119663893, 0.8713878987602842
0.8252139794093647, 0.9717460414813907, 0.8925055744630912, 0.9653642765845467, 0.7927922365266071, 0.870608843056929
0.8242937314054246, 0.9718463977092601, 0.8920093488647136, 0.9654627341270339, 0.7916268065627733, 0.8699456269852933
0.8243570532478394, 0.9714986806846067, 0.8918999165814415, 0.965393437718161, 0.793434493499042, 0.8710078338966466
0.8238163258196007, 0.9716868707622766, 0.8916625815453071, 0.9656307676959146, 0.7928732336678271, 0.8707660474112725
0.8239331257285016, 0.972115601715963, 0.8919114877589454, 0.9660536245283491, 0.7925319284147516, 0.870731981981982
0.8260098849089226, 0.9708816586267064, 0.8926057334817974, 0.9647498819611838, 0.795787639643333, 0.8721609417473547
0.8242119394657926, 0.9701506320801182, 0.891246559330342, 0.9637679354324432, 0.7932727794636266, 0.8702483242611003
0.8242621410739294, 0.9724254707783878, 0.8922346826360837, 0.9664288659278601, 0.7929065655271386, 0.8711105104902193
0.825006546216287, 0.9709099873655666, 0.8920315397573647, 0.9647892577396494, 0.7946787919751759, 0.8715106386563116
0.8251672124294572, 0.9715653903734542, 0.8924020231132209, 0.9654135901017761, 0.7940560947085497, 0.8713904556047147
0.8245618617285241, 0.971006171953495, 0.8918121083432596, 0.9647113140917656, 0.7932424945106811, 0.8706144672608825
