0.6051317818075032, 0.16941053150820076, 0.2647129666800482, 0.5182167169374933, 0.8898886295704869, 0.6550009417969486
0.5852977667493796, 0.2325299596430515, 0.33283113714365503, 0.5218729208250167, 0.8356467490959751, 0.6424973713331574
0.6047566776436151, 0.169603185190506, 0.26491212604483055, 0.5173674479632612, 0.8892659073901321, 0.6541537371002831
0.6037146076400247, 0.17028212909046175, 0.2656388686758838, 0.516774436224901, 0.8881238712855032, 0.6533707250238731
0.5823514008902854, 0.22907053394858273, 0.3288043880010053, 0.5226835023276577, 0.8370986191682327, 0.6435408013442105
0.5856844850065189, 0.23088072036511656, 0.3312001415574266, 0.5223555697414619, 0.8373961275533178, 0.6433800114795216
0.6036685227644939, 0.17022259166897571, 0.26556195965417867, 0.5173438871080389, 0.8883729511977613, 0.6538931643277501
0.5836014964811762, 0.22937789203084832, 0.3293202335520731, 0.5219770757190149, 0.8371764705882353, 0.6430280481049162
0.6082788510982149, 0.1698250579380217, 0.2655197845186943, 0.5174639693873901, 0.8905951868037176, 0.6545902825949271
0.6023933250384249, 0.1692682625863771, 0.2642766548396937, 0.5181900592817014, 0.8888513789999182, 0.6546984847000671
0.604584841504881, 0.16992241689359297, 0.26528484109540695, 0.5181659300085297, 0.8892869939089932, 0.6547973497554026
0.6053527624208253, 0.16989662755091556, 0.2653272460302814, 0.5182453022595669, 0.8896521365246411, 0.6549596976285851
0.6044906900328587, 0.16940360354829798, 0.26464312258745115, 0.5156613567209594, 0.8886215724376176, 0.6526146492847515
0.586051479783243, 0.2308244830947617, 0.33120090695602883, 0.5213771262195434, 0.8371110769388488, 0.6425533421728746
0.5833048777284547, 0.2274002621446711, 0.3272303963102404, 0.5192156962702879, 0.8370315581854043, 0.6408859768831138
0.6113653839112445, 0.17078883842723294, 0.26699180491704977, 0.5165634001037636, 0.8908428976922128, 0.6539360196281967
0.6084044071891358, 0.17034600090189808, 0.2661680985819635, 0.5172321252855123, 0.8901958369257298, 0.6542969118362636
0.6052448703412457, 0.16950402556695962, 0.2648379172101435, 0.5164112871960348, 0.8891593238441473, 0.6533601476042606
0.5856344898119739, 0.22964204551297213, 0.3299157925838381, 0.5224298290908859, 0.8383579020592719, 0.643720053412929
0.607958950127358, 0.1689665432086099, 0.26443905650379745, 0.517601586554782, 0.8911115440219007, 0.6548398520204037
0.6079081069140712, 0.16890343698854338, 0.2643569587422552, 0.5159141553164361, 0.8904771698889345, 0.6533171368427406
0.6077813599062134, 0.16998821660945745, 0.26567166569248385, 0.5169763392644182, 0.8900877778348134, 0.6540630457660811
0.5895171553985611, 0.23302157017750993, 0.3340151871909583, 0.5226423172033048, 0.8380687930981485, 0.6437960455890687
0.5851491048527088, 0.23175987685992816, 0.33201761156071063, 0.5213327110093796, 0.8358585340850846, 0.6421503191535441
0.6075017230746907, 0.17119695777066743, 0.2671185899992025, 0.5157704872993973, 0.8886567809255277, 0.6527115377347795
0.6052475760491451, 0.16761293760760843, 0.2625242780782998, 0.5164783483551417, 0.8905095253736246, 0.6537780423659204
0.5872793354101765, 0.23196103563188927, 0.3325664302252931, 0.521325408997955, 0.8369017696845344, 0.6424524029847808
0.6070909090909091, 0.17055205949656752, 0.2662934252081539, 0.515265671641791, 0.8887367163687289, 0.6523286925763004
0.6056280888102088, 0.16847062203116825, 0.26361118914797127, 0.5172319311914036, 0.8903608157573645, 0.6543413145451463
0.5838219270482021, 0.23142739613327848, 0.3314627428453596, 0.5223132677975635, 0.8359042553191489, 0.6429071569622444
0.5854049304873636, 0.2324774747039386, 0.33279468797743567, 0.5214904479789126, 0.8355372409127253, 0.6421750913903945
0.5871344419538133, 0.23135148458923455, 0.33191633574738644, 0.522191861281714, 0.8377597738469574, 0.6433630789681712
0.6059026503193599, 0.16942263279445727, 0.26480143101221654, 0.5176444640494045, 0.8899718165513707, 0.6545661489524485
0.6093048915042295, 0.17010288108097008, 0.26595710524625954, 0.5183421726953101, 0.8911644775935905, 0.655446544292733
0.6040914117213417, 0.1684101278309836, 0.263391350465262, 0.5179186275093822, 0.8900434052659596, 0.6548046724959895
0.6066305966084462, 0.17168872810984132, 0.267632145975345, 0.5187058479287715, 0.8891152145430724, 0.6551816470996429
0.6046934691649991, 0.1706383022412961, 0.2661670029787643, 0.5177804972689013, 0.8886794192682452, 0.6543248992893677
0.5891277193712917, 0.23187381574230553, 0.3327723187053056, 0.5210126970339525, 0.8378370050839624, 0.6424900664338005
0.5883281573498965, 0.23260787262997412, 0.3333993297695258, 0.5203504732668202, 0.8364638271186092, 0.6415827843030568
0.6072295359270428, 0.16927035283022737, 0.2647417193061211, 0.5170554092225547, 0.8903905752929828, 0.654208073831677
0.591312422616591, 0.2340855713264577, 0.3353962750003658, 0.5199062932049772, 0.8367775831873906, 0.6413372180243346
0.6026252108234949, 0.1686798920350168, 0.2635811823947784, 0.5170516199038909, 0.888910527772368, 0.6538051242616487
0.6091404180158964, 0.1697846153846154, 0.26555231159164555, 0.517673276766136, 0.8910564102564102, 0.6548823325443609
0.6069425607565705, 0.16926489680341025, 0.26470776314106664, 0.5154693266713968, 0.8896549595068792, 0.6527391882097124
0.5872657426153767, 0.231899061129105, 0.33250055110588583, 0.5210769840356865, 0.8368056980992652, 0.6422354377535348
0.5864220183486238, 0.22951761495373124, 0.3299121099510411, 0.521185846350016, 0.8382175009740992, 0.6427335912192974
0.6093875172966281, 0.17118453355155483, 0.26728530130488254, 0.5163783738614524, 0.8896853146853146, 0.6534757419423064
0.6055311355311356, 0.1700615188362858, 0.2655454355613384, 0.518932617769827, 0.8898807697813772, 0.655570370705176
0.6049738026713896, 0.16790406652261625, 0.2628554022748952, 0.5160454561698173, 0.8900245508428438, 0.6533005085825664
0.5855242647822925, 0.2314580894283895, 0.3317680655940412, 0.5218391392133309, 0.8365804191506361, 0.6427475268952599
0.6053627301171506, 0.17051125708371334, 0.2660771254267644, 0.5167926262879521, 0.8886539310387304, 0.6535286546308284
0.6032590621882274, 0.16797333168714118, 0.2627779521475651, 0.5184622804980439, 0.8902214588062082, 0.6552872512164009
0.5932908016524604, 0.23190286876449967, 0.3334631465248029, 0.520548119984179, 0.8398917171883524, 0.6427392706778466
0.5860554559392948, 0.2324996391678179, 0.332922445545066, 0.5243644541557255, 0.8374625007652905, 0.6449212442195339
0.6073017390345233, 0.1692036631087255, 0.26466700314850866, 0.5166655741026573, 0.8903140339707121, 0.653875306868191
0.5859155661848809, 0.2310104851025449, 0.3313706031536002, 0.5206858661487747, 0.8365132963164431, 0.6418522237316165
0.6029598462040698, 0.17043636960177172, 0.26575327135674376, 0.5167621288769703, 0.8876964747404277, 0.6532451991136244
0.6053509254168957, 0.16936343874328372, 0.26467642557828364, 0.516996094565185, 0.8895317821822808, 0.6539286778208914
0.5859037670967242, 0.2329557136395411, 0.33336520709362794, 0.5226870006333041, 0.8361098604232328, 0.6432510519706983
0.6093279471171502, 0.1703630688352226, 0.2662772223202966, 0.5183882696548847, 0.8910130317187116, 0.6554424255213318
0.5863657660471654, 0.2298438934802571, 0.3302401266602164, 0.5179330957581331, 0.8361583668419424, 0.6396526430362974
0.6023911374355599, 0.16872676627512825, 0.263616, 0.5158157817821759, 0.8882908239257943, 0.6526490566037736
0.5897987760605746, 0.23354553855631996, 0.3345984671285876, 0.5228400112506073, 0.8379366868148755, 0.64390700896688
0.6131736965436438, 0.1715758091120514, 0.26812574548307305, 0.5177949525308907, 0.8915219779655622, 0.655105420607286
0.6098995433789954, 0.1715965384694444, 0.2678366607044027, 0.5191528709917972, 0.8906982456858611, 0.6559679188322335
0.5858701002616649, 0.23183146240196834, 0.3322070748619109, 0.5209045977966893, 0.8359755784721153, 0.6418599520988277
0.5861717422559143, 0.23022114535635818, 0.3305984947330399, 0.5216561931800058, 0.8377938072501485, 0.6429663879092407
0.6083543286960967, 0.1705357325636144, 0.26639485150097936, 0.5165231813761463, 0.8897658835378512, 0.6536134231734707
0.6055904038736657, 0.1694412513342639, 0.2647943348864812, 0.5175659804815815, 0.8897999344047228, 0.6544569121809828
0.6053960414286241, 0.16912589968800518, 0.264390573691327, 0.5193156568514735, 0.8906245211119398, 0.6560778470152624
0.608019520722558, 0.17086800331603672, 0.26676786641633043, 0.5164675126237003, 0.8893753918575849, 0.6534634772594257
0.6057667584940313, 0.16888370044955095, 0.26412979067569947, 0.5162509313068098, 0.8897449330744656, 0.6533897601858767
0.5845519114267809, 0.2302991646434303, 0.33042066420664207, 0.52255207269757, 0.8373144095873042, 0.6435049115913556
0.6111070780399274, 0.1724628922055705, 0.2690079970600219, 0.5175574798447298, 0.8899762782530114, 0.6544978080195145
0.6059622195985832, 0.16813742552363792, 0.2632346577340407, 0.5160218230333063, 0.8902566842721799, 0.6533440919408477
0.5863364734740742, 0.23038275794891777, 0.3307913139492087, 0.5209313309377772, 0.8373670117265648, 0.6422899862286051
0.6061063086260806, 0.16928656556939137, 0.264654625472827, 0.5181896731519828, 0.8903632714911742, 0.6551078600136355
0.6065894332939787, 0.16845977294151399, 0.26368885324779473, 0.5166352980416449, 0.8905281097285532, 0.6539087825103657
0.6095159967186218, 0.16770976545667207, 0.26304270863506163, 0.5176653863076904, 0.8926323128344987, 0.6553011485947402
0.5839088847767729, 0.22996622974041037, 0.32997525627430185, 0.5210462807490216, 0.8363856236613136, 0.6420883685800605
0.6080075845974329, 0.17065656824113404, 0.26650896275044156, 0.5164522365971261, 0.8895112801274474, 0.6534879243103247
0.6011133084303816, 0.16885441527446302, 0.26364906757473056, 0.5182057795747015, 0.8886207460732984, 0.6546484560391131
0.6015774027879677, 0.16840732411144316, 0.26314818232146153, 0.5172409681650173, 0.8887454800610511, 0.6539118113678245
0.603699345443848, 0.16796431384986854, 0.2628086605034618, 0.5153689379402405, 0.8891927739335177, 0.6525342840435365
0.6053593624332821, 0.1703075182556824, 0.26582867783985104, 0.5188015222552282, 0.8895878081211005, 0.6553862615667481
0.5990029542097489, 0.16725094343513497, 0.261489852175455, 0.5190269175797999, 0.8892097047360581, 0.6554633856520791
0.584999740300213, 0.2316369656647506, 0.3318674357104447, 0.5225312152542589, 0.8365267562120856, 0.6432563609403454
0.6051150895140665, 0.17018259538219668, 0.26565294452598065, 0.5182425580146752, 0.8893541220912972, 0.6548767295739717
0.5854798504362276, 0.23069839775726944, 0.33097981651376146, 0.5195158734216042, 0.8358660113919105, 0.6407724137931035
0.6100174978127734, 0.17147424402340428, 0.26769902656353733, 0.5174794710207199, 0.8901766740922483, 0.6544896010627257
0.6059306502455831, 0.16942360513262, 0.26480529258173546, 0.5168020129026103, 0.8896518454653694, 0.6538058277326454
0.6071454907455203, 0.16876249039200614, 0.26411220799217305, 0.516863436543204, 0.8906338208878625, 0.6541200061816113
0.588660658142947, 0.23096454527698682, 0.33176076251227415, 0.5229863803305448, 0.8393385249843943, 0.6444316114915165
0.5863284002818887, 0.2305679007277094, 0.33098083128287487, 0.5215620951323339, 0.837564440253764, 0.6428273643307192
0.5916064277913569, 0.2337782435806541, 0.33512788976366353, 0.5236358293620881, 0.8392047257798663, 0.6448849220553932
0.5865604830314387, 0.2301745355760491, 0.33061221496101684, 0.5185788371142448, 0.8363668201435884, 0.640205945777599
0.6033103549968666, 0.16780993981153935, 0.2625828292714233, 0.516533331744831, 0.8896001969776246, 0.6535768392966165
0.6028572480577341, 0.1679971270264724, 0.26276891966714544, 0.5168820490821671, 0.8894197252409268, 0.6538071678077934
0.6058207812101097, 0.17054764984907286, 0.2661656665358084, 0.5179226761983757, 0.8892645642507325, 0.654597014137407
0.6084817330640719, 0.16974290689337293, 0.2654386737676691, 0.5168360504276815, 0.8904898839478279, 0.6540592528334622
