0.5029926811114787, 0.999589132556109, 0.6692294731919664, 0.0, 0.0, 0.0, 0.5171668618976452, 0.5247174779463746, 0.5209148099740122
0.5025764803779182, 0.9996093629532161, 0.6688655170279064, 0.0, 0.0, 0.0, 0.5148203880063422, 0.5221394843850826, 0.5184541062801933
0.5036242912640393, 0.9994982952276613, 0.6697678886304538, 0.0, 0.0, 0.0, 0.516575621522464, 0.5220838284098824, 0.5193151194363643
0.5026461563806347, 0.999682594939949, 0.6689436163762242, 0.0, 0.0, 0.0, 0.5159786679693861, 0.520433198172766, 0.5181963602168946
0.5044221804414454, 0.9995916950778841, 0.6704941099140366, 0.0, 0.0, 0.0, 0.5151730798556398, 0.5200582916841986, 0.5176041592188186
0.5050519145593335, 0.9995090568778063, 0.6710315798147373, 0.0, 0.0, 0.0, 0.5165389005039945, 0.5246463340822126, 0.5205610520744269
0.5032798231478038, 0.9994461140799852, 0.6694514962160899, 0.0, 0.0, 0.0, 0.5161287060631801, 0.5234652226529649, 0.5197710770985448
0.5034361869409429, 0.9995189158205044, 0.6696061523481027, 0.0, 0.0, 0.0, 0.5155325518851169, 0.5218186300694416, 0.51865654497838
0.503433179485591, 0.9995592320387056, 0.669612538840535, 0.0, 0.0, 0.0, 0.5168012793263295, 0.5237294220216422, 0.5202422859238807
0.5038102908831821, 0.9995595345406867, 0.6699461055233257, 0.0, 0.0, 0.0, 0.5151395551237679, 0.5233326822046531, 0.5192037984302406
0.5021183051494682, 0.9995582812002425, 0.6684482059807512, 0.0, 0.0, 0.0, 0.5165074508929928, 0.522231668220135, 0.5193537872305749
0.5031789984994508, 0.9994981050906484, 0.6693739517559053, 0.0, 0.0, 0.0, 0.5168660153594871, 0.5218371025893149, 0.519339663511771
0.5010720356277479, 0.999649556792414, 0.6675407895325508, 0.0, 0.0, 0.0, 0.5179547820462287, 0.5235424520109923, 0.5207336280038612
0.5040556438463603, 0.9995497892194982, 0.6701608034685254, 0.0, 0.0, 0.0, 0.5156338656075221, 0.521231922651481, 0.518417782124157
0.504095800965236, 0.9995189749048184, 0.6701893680754041, 0.0, 0.0, 0.0, 0.5163165088847264, 0.5237943608443326, 0.5200285539465633
0.5038895561936478, 0.9996522770738093, 0.6700370167260762, 0.0, 0.0, 0.0, 0.5153929698839818, 0.5227525429312688, 0.5190466698355746
0.5031717707248141, 0.9994877783924437, 0.6693652405389829, 0.0, 0.0, 0.0, 0.5153445163384109, 0.5210570031070231, 0.5181850165457391
0.5015349847533447, 0.9995886635679322, 0.6679378953263451, 0.0, 0.0, 0.0, 0.5173427097794036, 0.5221629029618721, 0.5197416307396303
0.5028287082920383, 0.9995587707146888, 0.6690775216959781, 0.0, 0.0, 0.0, 0.5133944842667962, 0.5214668408008802, 0.5173991786342882
0.5012201902879031, 0.9995071919179475, 0.6676404933598049, 0.0, 0.0, 0.0, 0.5171775145520413, 0.5189678236273219, 0.5180711223922894
0.5001160517642447, 0.9995567238802123, 0.6666712503953466, 0.0, 0.0, 0.0, 0.5151336936352299, 0.5194580777096115, 0.5172868481476013
0.502367860989297, 0.9995898613731441, 0.6686763722413704, 0.0, 0.0, 0.0, 0.5146023587253538, 0.5207652295483048, 0.5176654523530945
0.5037392859535823, 0.9995909016527573, 0.6698903689894001, 0.0, 0.0, 0.0, 0.5163435859421805, 0.5222298678224075, 0.5192700461582451
0.5016901393913434, 0.9995064825572428, 0.668057120866434, 0.0, 0.0, 0.0, 0.5153095848231016, 0.52112632775769, 0.518201633767239
0.5034269358706583, 0.9996211112704037, 0.6696209000579643, 0.0, 0.0, 0.0, 0.5171154723870379, 0.5235298345775103, 0.5203028849588227
0.502859299704246, 0.99959915308241, 0.6691136505927113, 0.0, 0.0, 0.0, 0.51199846613385, 0.5229486399851578, 0.517415624346691
0.5026988570456409, 0.9994772447724477, 0.6689442975189602, 0.0, 0.0, 0.0, 0.5134833399303759, 0.5194513178023964, 0.5164500882986434
0.5029536868110002, 0.9995172654629116, 0.6691788522566693, 0.0, 0.0, 0.0, 0.5148717845131447, 0.5225024854715221, 0.5186590700986875
0.5018283657144036, 0.9994555838606295, 0.6681682867453415, 0.0, 0.0, 0.0, 0.5120625488028719, 0.5166151705510426, 0.5143287854018018
0.5026235163873227, 0.9995084988736432, 0.6688845870522331, 0.0, 0.0, 0.0, 0.5141970598707971, 0.5196528998694262, 0.5169105840722445
0.5029768820452445, 0.9996408082839873, 0.6692270697354861, 0.0, 0.0, 0.0, 0.5153327060632733, 0.522227690288714, 0.5187572882771404
0.5045203764662247, 0.9995611394045785, 0.670573977583173, 0.0, 0.0, 0.0, 0.5150387786011242, 0.5211841306740452, 0.5180932320371374
0.502535118468531, 0.999590449277143, 0.6688246517251891, 0.0, 0.0, 0.0, 0.5159474289670056, 0.5206221044305422, 0.5182742258763856
0.5038181321316056, 0.9995805755322087, 0.6699577642477099, 0.0, 0.0, 0.0, 0.5155899631685218, 0.5230409766039135, 0.5192887435491288
0.502979381443299, 0.9996004794246903, 0.6692202443616113, 0.0, 0.0, 0.0, 0.5151776649746193, 0.5211189500600758, 0.518131276260102
0.503680994282051, 0.9996921656148992, 0.6698615585067433, 0.0, 0.0, 0.0, 0.5172699194541454, 0.5253726447009616, 0.5212897975790866
0.5013888315228615, 0.9995265492646075, 0.6677944073688228, 0.0, 0.0, 0.0, 0.5159494798202647, 0.5208356745160136, 0.5183810632597345
0.5030519554167053, 0.9994776195841443, 0.6692569374905694, 0.0, 0.0, 0.0, 0.5167772973631326, 0.5216482593283199, 0.5192013541900353
0.5021448176776233, 0.9994260354423115, 0.6684421228697953, 0.0, 0.0, 0.0, 0.513970969677859, 0.5191086728718486, 0.5165270458831888
0.5026747329128588, 0.9995290648866685, 0.6689345433243234, 0.0, 0.0, 0.0, 0.5158585601628084, 0.5190433286919486, 0.517446044083349
0.5025202966513108, 0.9994761332470494, 0.6687859344768216, 0.0, 0.0, 0.0, 0.5188728861558378, 0.524335152592956, 0.5215897190845593
0.5018628355294008, 0.9995484168933135, 0.6682195859949089, 0.0, 0.0, 0.0, 0.5150902571083187, 0.519890907599557, 0.5174794486995657
0.5029197305814744, 0.9995292239358926, 0.6691514763263642, 0.0, 0.0, 0.0, 0.51666259765625, 0.519569531681568, 0.5181119872690735
0.5013966552559158, 0.9995265297720138, 0.6678013423557243, 0.0, 0.0, 0.0, 0.5174807484087712, 0.5229685231014665, 0.5202101633190749
0.5020786482081331, 0.9995173943401651, 0.6684039222148979, 0.0, 0.0, 0.0, 0.5166288124594419, 0.5218673822643751, 0.5192348846925985
0.504902214270201, 0.9996211966091978, 0.6709246954215311, 0.0, 0.0, 0.0, 0.518200528662806, 0.5276062906390279, 0.5228611129491166
0.5034938309223403, 0.9995796208385026, 0.669670762953448, 0.0, 0.0, 0.0, 0.5163189141626127, 0.523208740301934, 0.5197409948891287
0.5031727814975117, 0.9996114876954063, 0.6693938750778795, 0.0, 0.0, 0.0, 0.5165748388345164, 0.5188682140409382, 0.5177189866699329
0.5031021333608162, 0.9994983671338336, 0.6693059940152395, 0.0, 0.0, 0.0, 0.5132872815928484, 0.5218756455277835, 0.517545836320803
0.5034991020003716, 0.9994877574019055, 0.6696548079101087, 0.0, 0.0, 0.0, 0.5132575757575758, 0.5216473833738214, 0.5174184721569909
0.5022170313485131, 0.9995988438473961, 0.668544755968781, 0.0, 0.0, 0.0, 0.5145457483989575, 0.5217075144153464, 0.5181018831654266
0.5009724623363794, 0.9995380351093317, 0.6674275608201206, 0.0, 0.0, 0.0, 0.5140807759709826, 0.5177417037781928, 0.515904745350252
0.5038586189607315, 0.9996000697314315, 0.6699979380026119, 0.0, 0.0, 0.0, 0.5143128325777234, 0.5220296598444242, 0.5181425156400997
0.502072996318689, 0.9995579996916277, 0.6684079926864307, 0.0, 0.0, 0.0, 0.5133729343547293, 0.5204140251533617, 0.5168695014289281
0.5021721541688354, 0.9996512069266201, 0.6685167017693104, 0.0, 0.0, 0.0, 0.5150477893004785, 0.5203488968701898, 0.5176847725660149
0.5012384539965943, 0.9995677989647757, 0.6676702168974489, 0.0, 0.0, 0.0, 0.5156721710059771, 0.5207365728900256, 0.5181919983711697
0.502943741260365, 0.9994462958215842, 0.6691541434681422, 0.0, 0.0, 0.0, 0.5175331057052249, 0.5224079036184008, 0.5199590791797514
0.4996338922921436, 0.9995048636827827, 0.6662311989686291, 0.0, 0.0, 0.0, 0.5180180180180181, 0.5201870472813961, 0.5191002668699962
0.5032230140204974, 0.9994780633078505, 0.6694084020480763, 0.0, 0.0, 0.0, 0.5133042762656588, 0.5185941718074787, 0.5159356650497829
0.5047434316754966, 0.9994688186322079, 0.6707501833812067, 0.0, 0.0, 0.0, 0.5168317233130265, 0.5249518671430189, 0.5208601491470017
0.5020566786575075, 0.9996197913990649, 0.6684073465854043, 0.0, 0.0, 0.0, 0.5148621140154546, 0.5220096725502881, 0.5184112578391883
0.5042556707846135, 0.9996211849743531, 0.6703536253377137, 0.0, 0.0, 0.0, 0.516586431489947, 0.5232758267426136, 0.5199096128007817
0.5029447682057783, 0.9995494203907754, 0.6691781643671266, 0.0, 0.0, 0.0, 0.5147774492771292, 0.5198584107115375, 0.5173054540256876
0.5034613321228129, 0.9995800901269971, 0.669642122018827, 0.0, 0.0, 0.0, 0.5140708000486598, 0.5209414133527834, 0.5174833024639389
0.5024732833867493, 0.9995080202941629, 0.6687514358504864, 0.0, 0.0, 0.0, 0.5190092048848881, 0.523208652546192, 0.5211004682192367
0.5035351269396785, 0.999477951111657, 0.6696844682667874, 0.0, 0.0, 0.0, 0.5145503048007384, 0.521291900445979, 0.5178991643823729
0.50254076563112, 0.9995182353061768, 0.6688134872459652, 0.0, 0.0, 0.0, 0.5168894215144622, 0.5211661341853036, 0.5190189679787885
0.5024110146934936, 0.9995989675986385, 0.6687166363986572, 0.0, 0.0, 0.0, 0.5153666690232596, 0.5234500020516187, 0.5193768861611119
0.5022370672769634, 0.9994666010175611, 0.6685329271472288, 0.0, 0.0, 0.0, 0.5145183560753737, 0.5203774631110929, 0.5174313238004319
0.5031050454409474, 0.9995081412864155, 0.6693107624533824, 0.0, 0.0, 0.0, 0.5150169333414452, 0.5216444658977704, 0.5183095142123874
0.5029056426704068, 0.9995183291144429, 0.6691365647833694, 0.0, 0.0, 0.0, 0.5154362007568456, 0.5219548779485493, 0.5186750585749069
0.5050277195626813, 0.9995708987627581, 0.6710241593937004, 0.0, 0.0, 0.0, 0.5154089132767733, 0.5230717067206427, 0.5192120386943463
0.5021890876048077, 0.9994759502255469, 0.6684925104894384, 0.0, 0.0, 0.0, 0.5177103995466138, 0.521483837426221, 0.5195902675855344
0.5043436591850615, 0.9994894364399424, 0.6704017369446623, 0.0, 0.0, 0.0, 0.5155449890270666, 0.5211470123040898, 0.5183308647019766
0.5026508457460237, 0.9994979919678715, 0.668906433730892, 0.0, 0.0, 0.0, 0.516995051366209, 0.5207307711990175, 0.5188561871545412
0.50146571665559, 0.9995276334435522, 0.6678628402833765, 0.0, 0.0, 0.0, 0.5156661280323587, 0.5184534270650264, 0.5170560211958322
0.5040708676439499, 0.9995398961187681, 0.6701720349759891, 0.0, 0.0, 0.0, 0.5154675784539524, 0.5219334292171769, 0.5186803538522009
0.5037561763931413, 0.9994775607207613, 0.6698798489529695, 0.0, 0.0, 0.0, 0.5144152440320181, 0.5220007598862224, 0.5181802428109805
0.5021766939011306, 0.9996303673737602, 0.6685160643535463, 0.0, 0.0, 0.0, 0.5158879831285234, 0.520750816215829, 0.5183079939898643
0.5021260565778746, 0.9995890903487595, 0.6684619638581945, 0.0, 0.0, 0.0, 0.5147699414470085, 0.5206508263404338, 0.5176936830469709
0.5030500077411364, 0.999497564726993, 0.6692596851988534, 0.0, 0.0, 0.0, 0.5183632128025929, 0.5231533539140923, 0.5207472679541708
0.5038297519976814, 0.9996406091162064, 0.6699815216905073, 0.0, 0.0, 0.0, 0.5160562472299448, 0.5245042333404998, 0.5202459470025844
0.5038789259627726, 0.9994683189677208, 0.6699862919808087, 0.0, 0.0, 0.0, 0.5153853182136585, 0.5214466196922698, 0.5183982518214448
0.5011955606740587, 0.9995262323109564, 0.6676228902028364, 0.0, 0.0, 0.0, 0.5186159183549617, 0.5228519568453899, 0.5207253228255295
0.5035105575044302, 0.9995487318338923, 0.6696786251726436, 0.0, 0.0, 0.0, 0.5163380196278591, 0.5227682043305636, 0.5195332163831897
0.5045216147079865, 0.9995003670772493, 0.6705613949877035, 0.0, 0.0, 0.0, 0.5176915009520319, 0.5223238134374358, 0.5199973408471448
0.5011840009926996, 0.9996081383477875, 0.6676309038001275, 0.0, 0.0, 0.0, 0.5170656386242531, 0.5235219585964482, 0.5202737695096317
0.5007549250485677, 0.9995576996266162, 0.6672388577235493, 0.0, 0.0, 0.0, 0.51331254253817, 0.517995715061865, 0.5156434956528838
0.5032752728532357, 0.9995687220824563, 0.6694749728339363, 0.0, 0.0, 0.0, 0.5163351197505072, 0.5240358514724712, 0.5201569855520422
0.5030712752099434, 0.9995498721227621, 0.6692902328671879, 0.0, 0.0, 0.0, 0.5157456680334958, 0.521154419551516, 0.5184359370365446
0.5040161886472981, 0.9995495495495496, 0.6701258768136831, 0.0, 0.0, 0.0, 0.5141014739229025, 0.5212139250379736, 0.5176332687799409
0.5034344767837621, 0.9996006676018554, 0.6696229838225661, 0.0, 0.0, 0.0, 0.5148604235981498, 0.5219014127953606, 0.5183570093648833
0.5019513829814657, 0.9995174934296978, 0.6682911594416778, 0.0, 0.0, 0.0, 0.5164662302735069, 0.5209602293084916, 0.5187034960758332
0.5035460261296995, 0.9995699761439146, 0.6697147639496756, 0.0, 0.0, 0.0, 0.5170095618580222, 0.5234262719172176, 0.5201981299066993
0.502516338187619, 0.9995291709314227, 0.6687943019552786, 0.0, 0.0, 0.0, 0.5127941326270755, 0.5179008662373202, 0.5153348483917859
0.5029989488220624, 0.9994778174818516, 0.6692100707834164, 0.0, 0.0, 0.0, 0.5148122561768531, 0.5206946157007809, 0.5177367281049491
0.5027494876890917, 0.9996109785935853, 0.6690190785168842, 0.0, 0.0, 0.0, 0.5157912944384526, 0.5194859760409087, 0.5176320424782376
0.5023526683330327, 0.9995898024898989, 0.6686629005758895, 0.0, 0.0, 0.0, 0.5155435941705174, 0.5201446810254728, 0.5178339173412085
0.5033914952920183, 0.9995711222301644, 0.6695783328260149, 0.0, 0.0, 0.0, 0.5177218159379048, 0.5211289295907682, 0.5194197856174372
0.5038006930979001, 0.999498680198891, 0.6699239509830142, 0.0, 0.0, 0.0, 0.5166145981255326, 0.5227118783226257, 0.519645353167437
