0.5043433800896564, 0.9995905624648139, 0.6704242370152718, 0.0, 0.0, 0.0, 0.5150194190468484, 0.5221113720021737, 0.5185411479574952
0.5018009986653543, 0.9995996633065758, 0.668176219736034, 0.0, 0.0, 0.0, 0.5149886734185959, 0.5196232178182303, 0.5172955653966246
0.5019753660237044, 0.999537251272559, 0.6683168316831684, 0.0, 0.0, 0.0, 0.5122844282607596, 0.5196162921924695, 0.5159243130363919
0.501879776692829, 0.9995794526730398, 0.6682415382083493, 0.0, 0.0, 0.0, 0.5159059474412172, 0.5210085759769938, 0.5184447067600783
0.5030806432486221, 0.9995390241653777, 0.6692960915314228, 0.0, 0.0, 0.0, 0.5180370787542999, 0.523347719560827, 0.520678858098667
0.5030276727220121, 0.999435405225068, 0.6692259840598289, 0.0, 0.0, 0.0, 0.5160481849785755, 0.5223885177645241, 0.5191989954398255
0.502269679149902, 0.9995380588205102, 0.6685778044803021, 0.0, 0.0, 0.0, 0.5170620437956205, 0.5219460278150169, 0.5194925569243776
0.5011629406152497, 0.9995679901254886, 0.6676032632030915, 0.0, 0.0, 0.0, 0.5156346670723667, 0.5191414187829958, 0.5173821009138833
0.5009644643870236, 0.9995986456864703, 0.667433974321534, 0.0, 0.0, 0.0, 0.5154142581888247, 0.5208973885950887, 0.5181413177559613
0.501193108317743, 0.9995580224072361, 0.6676278057537904, 0.0, 0.0, 0.0, 0.5166397546435935, 0.5212130526100097, 0.5189163275090017
0.5019174071706904, 0.9995791375399049, 0.6682748232000028, 0.0, 0.0, 0.0, 0.5150982860856145, 0.5196038265358379, 0.5173412467749666
0.5033567436748216, 0.9996003443187408, 0.6695541453737992, 0.0, 0.0, 0.0, 0.5180577645855072, 0.5242557204953662, 0.5211383149473898
0.5039856269618371, 0.9994880720794512, 0.6700850476720002, 0.0, 0.0, 0.0, 0.5168515444718838, 0.5248514871837037, 0.5208207973401597
0.5042158254808313, 0.9996314873579691, 0.6703207317282447, 0.0, 0.0, 0.0, 0.5161042246395143, 0.5234830445849413, 0.5197674477853019
0.5027293337533633, 0.9995174240712981, 0.6689802804512234, 0.0, 0.0, 0.0, 0.513174797446972, 0.5212575773142916, 0.517184609032942
0.5020825620140689, 0.9995905037827213, 0.6684237368775949, 0.0, 0.0, 0.0, 0.5164034765577182, 0.5189977239639936, 0.5176973502551568
0.5034924991230061, 0.9994470215968787, 0.6696398247666356, 0.0, 0.0, 0.0, 0.5135926856957509, 0.5204400254729966, 0.5169936841246033
0.5035421557724783, 0.9994686069326357, 0.6696885870011777, 0.0, 0.0, 0.0, 0.5145113363455042, 0.5194858569564458, 0.5169866305375904
0.5019293467046345, 0.9995582539731459, 0.6682807386268025, 0.0, 0.0, 0.0, 0.5189048372055306, 0.5232862429211048, 0.5210863302761632
0.5033540757571845, 0.9994975441187026, 0.669528722446989, 0.0, 0.0, 0.0, 0.5164938546355774, 0.5234785104986877, 0.5199627274162258
0.5016526535418431, 0.999557508463937, 0.6680352813741167, 0.0, 0.0, 0.0, 0.5175074844243062, 0.5236029103263372, 0.520537353822364
0.5015303756376566, 0.999466031380925, 0.6679064277724787, 0.0, 0.0, 0.0, 0.5171594026211521, 0.5222637173226085, 0.5196990270446865
0.5021347382949904, 0.9995489168879366, 0.6684606735410268, 0.0, 0.0, 0.0, 0.5155037577162848, 0.5210731907894737, 0.5182735122257951
0.5021144381488069, 0.9995780417018298, 0.6684491978609626, 0.0, 0.0, 0.0, 0.5168066378649009, 0.5235285696756513, 0.5201458875162549
0.5031468909954072, 0.999539198820349, 0.6693547557576194, 0.0, 0.0, 0.0, 0.5162285911532096, 0.5211544768776648, 0.5186798390346157
0.5019542529494266, 0.9996200607902735, 0.6683166277632844, 0.0, 0.0, 0.0, 0.5149040217523639, 0.5218397186748103, 0.5183486707044296
0.5017481794107911, 0.9994745572372014, 0.6681014445343572, 0.0, 0.0, 0.0, 0.5160555084916697, 0.5230341500311756, 0.5195213945956373
0.5022479093411976, 0.9995177607682995, 0.6685539770777572, 0.0, 0.0, 0.0, 0.515719185727913, 0.5215838413695425, 0.5186349348899866
0.5038645527057019, 0.9994790709076423, 0.6699760016158683, 0.0, 0.0, 0.0, 0.5165973204203501, 0.5205371328993901, 0.51855974348239
0.5012020718973131, 0.9995884307894927, 0.6676425412599091, 0.0, 0.0, 0.0, 0.5170876069242307, 0.5221787812416843, 0.5196207237210628
0.5040504699369126, 0.9995200212416131, 0.6701495398773006, 0.0, 0.0, 0.0, 0.5144063056191203, 0.5202102275064796, 0.5172919873384709
0.5033988951649228, 0.9996196115925937, 0.6695957578679155, 0.0, 0.0, 0.0, 0.5139860491801629, 0.5241418952208902, 0.5190142956604819
0.502460870864835, 0.9995796466981761, 0.6687564734852902, 0.0, 0.0, 0.0, 0.5148634512456456, 0.5203329638296998, 0.5175837583145729
0.5037464482226932, 0.9995906881555385, 0.6698966541170339, 0.0, 0.0, 0.0, 0.518060923282919, 0.5219737541392421, 0.5200099782616443
0.5037033603230525, 0.9995502723918354, 0.6698494785691046, 0.0, 0.0, 0.0, 0.5164409468033186, 0.5217940683973167, 0.5191037072996244
0.5012037757832276, 0.9995578997152051, 0.6676372426485737, 0.0, 0.0, 0.0, 0.5141433312696012, 0.519239442394424, 0.5166788211355163
0.5029257267876861, 0.9995795173679838, 0.6691680541013714, 0.0, 0.0, 0.0, 0.5152175234544386, 0.5207733822158958, 0.5179805552301745
0.5029689587750659, 0.9995386508099241, 0.6691971624585162, 0.0, 0.0, 0.0, 0.5185838375852667, 0.5238080612631428, 0.5211828581324043
0.5047852811352667, 0.9996221752494154, 0.6708216695162357, 0.0, 0.0, 0.0, 0.5146187558332995, 0.522770134487556, 0.518662420056542
0.5017731869357162, 0.9995681011877218, 0.6681445127232235, 0.0, 0.0, 0.0, 0.5163948532612547, 0.5216226442106124, 0.5189955843151619
0.5029920315842782, 0.9995276334435522, 0.6692151146801606, 0.0, 0.0, 0.0, 0.5165073848827106, 0.5228297661291147, 0.5196493456994029
0.501874242697672, 0.9994557906950476, 0.668208997233416, 0.0, 0.0, 0.0, 0.517193445284359, 0.5218958297070658, 0.5195339972072448
0.5033834315009851, 0.9994572563797977, 0.6695456509957536, 0.0, 0.0, 0.0, 0.5172896343318393, 0.5224444649276431, 0.5198542712287585
0.5032000742046192, 0.9996314722682882, 0.6694225074037512, 0.0, 0.0, 0.0, 0.5144247374088295, 0.5206818906219476, 0.5175344019703527
0.5031842203046942, 0.9994567111548476, 0.6693692889654747, 0.0, 0.0, 0.0, 0.513004902159381, 0.5204693986600354, 0.5167101934220191
0.5018667957545202, 0.9995897183416416, 0.6682323254833258, 0.0, 0.0, 0.0, 0.5138684052605348, 0.5197415797378763, 0.5167883062350721
0.5025624880649473, 0.9994970438495648, 0.6688279798475862, 0.0, 0.0, 0.0, 0.5181430582421033, 0.5233852323178592, 0.5207509529407574
0.5033291418441178, 0.9996110781323563, 0.6695321336760925, 0.0, 0.0, 0.0, 0.5163727959697733, 0.5204057609040565, 0.5183814345217156
0.5035329943998554, 0.9996618505994467, 0.6697238574150034, 0.0, 0.0, 0.0, 0.5123386157662904, 0.520122947870514, 0.5162014365001633
0.5053074613932473, 0.999520481558945, 0.6712596739216082, 0.0, 0.0, 0.0, 0.5171868345805195, 0.5236916948160621, 0.5204189389804049
0.5019425780122841, 0.9995485188339472, 0.6682902901598126, 0.0, 0.0, 0.0, 0.5175966188482952, 0.5222766694687635, 0.5199261126475961
0.5034388604106025, 0.9995601607970296, 0.6696177724176683, 0.0, 0.0, 0.0, 0.5158087301184003, 0.5215010121145488, 0.518639252794866
0.5024886153591971, 0.9995891663157462, 0.6687831778590939, 0.0, 0.0, 0.0, 0.5172235827480823, 0.5230352026197298, 0.5201131587784551
0.5030134899353039, 0.9996317813599542, 0.6692574496423692, 0.0, 0.0, 0.0, 0.5149938395430061, 0.5189304549465432, 0.5169546530109521
0.5023433951356485, 0.99966103435879, 0.6686706219017421, 0.0, 0.0, 0.0, 0.5117451703049695, 0.5204077429983526, 0.5160401053684834
0.5053440627256783, 0.9995816625343088, 0.671305765982451, 0.0, 0.0, 0.0, 0.5127737226277372, 0.520664985331206, 0.5166892254258498
0.5021505487251423, 0.9995483149066346, 0.6684745483442436, 0.0, 0.0, 0.0, 0.5154164469146821, 0.520766936864003, 0.5180778778564474
0.5036648836573527, 0.9995393544820809, 0.6698130033338364, 0.0, 0.0, 0.0, 0.5153954558819056, 0.522204074085488, 0.5187774262679865
0.5019130776022761, 0.999516714481085, 0.6682570346283145, 0.0, 0.0, 0.0, 0.514656035939413, 0.521280629656579, 0.5179471513670383
0.5015496027851527, 0.9995676387930946, 0.6679461647732159, 0.0, 0.0, 0.0, 0.5170674000525773, 0.522754686893055, 0.5198954902199991
0.5043672966098635, 0.9995092425977425, 0.6704270749395649, 0.0, 0.0, 0.0, 0.5178417601572872, 0.5241631874275515, 0.5209832990069129
0.5021983188414783, 0.9994036725545434, 0.6684845213001902, 0.0, 0.0, 0.0, 0.5160243776719929, 0.5227447246367909, 0.5193628124141719
0.5023395221906388, 0.9996099083284572, 0.6686557530145302, 0.0, 0.0, 0.0, 0.5160606951356721, 0.5224900711185001, 0.5192554818969913
0.5023762468200605, 0.9995995728777363, 0.6686859737146664, 0.0, 0.0, 0.0, 0.5172480168579736, 0.5225258417766862, 0.5198735343682064
0.5037784024965827, 0.999539453484802, 0.6699134013547114, 0.0, 0.0, 0.0, 0.5151112688193846, 0.5224526730351983, 0.5187559984480611
0.5038437939870791, 0.9994681503907049, 0.6699551969176027, 0.0, 0.0, 0.0, 0.5148806201865024, 0.5224724307293115, 0.518648745336536
0.5029140660521638, 0.9994352660923495, 0.6691254060185264, 0.0, 0.0, 0.0, 0.5161991188002749, 0.5230493549047717, 0.5196016600887008
0.5039252374987758, 0.9995807899553183, 0.6700525009938177, 0.0, 0.0, 0.0, 0.5144925329191159, 0.5208003617454217, 0.517627231173872
0.5040879820562911, 0.99954909716956, 0.6701892289299015, 0.0, 0.0, 0.0, 0.5149788901682726, 0.5238413249632696, 0.519372303743054
0.5017338121712068, 0.9995175726720316, 0.6680983173530471, 0.0, 0.0, 0.0, 0.5161300155457788, 0.5199868971941569, 0.5180512778672977
