0.5018653347024494, 0.9994964546295345, 0.6682101893105332, 0.6096898181016965, 0.2551168841811961, 0.3597154515581555, 0.6073045943236423, 0.3600930594842783, 0.45211225921017073
0.5016249509935414, 0.9994244426857971, 0.6679809994195411, 0.6093220338983051, 0.25076935702269093, 0.3553094386791082, 0.6036939584472389, 0.36157758470717055, 0.4522710836048052
0.5024862291246928, 0.9994568002459773, 0.6687514358504864, 0.603750459615149, 0.2529526548218137, 0.35653023558788405, 0.6018981192310362, 0.3555863058630586, 0.4470604912497745
0.5032882868953006, 0.9995803050465759, 0.6694890851250549, 0.6090360098411989, 0.25141057469377703, 0.3559037736808092, 0.6015728292037982, 0.35995356100768505, 0.450405281189939
0.502105963201064, 0.9994971470793481, 0.6684235991723201, 0.6106898787848556, 0.2505192506420291, 0.3552901741988377, 0.5999691954888505, 0.36023798025051634, 0.45017720478709744
0.5017531014426994, 0.9994864473454463, 0.6681084643824472, 0.6046564138588525, 0.2461697172740644, 0.34989075441156187, 0.5988858413260874, 0.36153648377641795, 0.45088306591250144
0.5021753922923068, 0.999548532731377, 0.6684966100299196, 0.6112579999505795, 0.2527433230480005, 0.35761838329369755, 0.5993487586789105, 0.3580264701644608, 0.44827297386105186
0.5020920933832065, 0.9996199476144009, 0.6684387663987911, 0.6099945948602035, 0.2543461558162168, 0.3590014242645517, 0.605368016145447, 0.35983799856454424, 0.4513739284772641
0.5036801303906044, 0.9996621829125975, 0.6698540634163909, 0.609836788707543, 0.2550110673880964, 0.3596358118361153, 0.6043068407852633, 0.3593335390311632, 0.4506820600470831
0.5040228728318031, 0.9994985262813165, 0.6701203174156629, 0.6086923960257626, 0.2501410589164623, 0.3545715636019922, 0.6003749467405198, 0.36200429550616064, 0.45166873950226305
0.5039138640512361, 0.999498828896094, 0.6700240317864085, 0.6097913963469408, 0.2502662624938555, 0.35488368040428686, 0.5993709186638859, 0.3611623283649736, 0.45072921152597717
0.5037661868647784, 0.9996416871416871, 0.6699255600150938, 0.6116889183939417, 0.25489754098360656, 0.3598440743178251, 0.6050793979206538, 0.3609751080024686, 0.4521869101076543
0.5032915441366146, 0.9995798922064881, 0.6694918743823433, 0.6081612706169823, 0.25458246389263944, 0.3589181550086885, 0.6043813317170318, 0.35926787589302256, 0.45065111984866385
0.5027553610864585, 0.9995998974095922, 0.6690217969712887, 0.6077075825549754, 0.25463267318596433, 0.3588889773640358, 0.6072014506519299, 0.359976656803825, 0.4519919268791217
0.5032581867751696, 0.9995487549739509, 0.6694553771971399, 0.6064038065971104, 0.25154200419425143, 0.35558429668597, 0.6011661508472548, 0.3597977813254738, 0.4501693352710325
0.5014659734424354, 0.9995172852946613, 0.6678607579734761, 0.6095249937826411, 0.2515962797955119, 0.3561733418589781, 0.6052798818295804, 0.36062218583708555, 0.45196580758107235
0.5026670040224513, 0.9994866424361897, 0.6689181992778146, 0.6059655013016082, 0.25597623892622967, 0.3599147429644883, 0.6067481899747116, 0.3581799591002045, 0.45044813352707447
0.5022596888026745, 0.9995482453438469, 0.6685712323593036, 0.6107759155803849, 0.25228191085676777, 0.35707390714249426, 0.6031373623550768, 0.36086519939341777, 0.45155748161729353
0.500841125353479, 0.9995674517760225, 0.6673175494264095, 0.6118567678668714, 0.252674206941689, 0.3576515546291471, 0.6015086576375793, 0.35943246427290887, 0.4499791593189907
0.5017903050473722, 0.9995176766381035, 0.6681484225473853, 0.61324591456952, 0.25446697963650494, 0.3596831087723356, 0.6011447741578474, 0.357342571082009, 0.4482367352201663
0.5049550920599873, 0.9996221328050001, 0.6709715895653604, 0.6081629640563879, 0.25437594542030684, 0.35871316007139437, 0.6035992553264842, 0.35949611408272847, 0.450612875205096
0.5019092525314988, 0.9995381915581417, 0.6682584443117963, 0.6120378887701067, 0.252231022223133, 0.3572382168562805, 0.6008896980522827, 0.3589825151863405, 0.44945335885610044
0.5029781226491895, 0.9995597059245152, 0.6692099923220357, 0.6105660564814585, 0.2521903276771242, 0.3569463099430065, 0.6038310091648469, 0.3606774577872725, 0.4516046064518618
0.5028394397666384, 0.9995476369169399, 0.6690845276396608, 0.6113130618460481, 0.25550502509983475, 0.3603837104072398, 0.6031691707450632, 0.36032794258960155, 0.4511455266862921
0.5044803790297662, 0.9995306409811644, 0.6705317845481987, 0.6129201549418968, 0.25223946602490926, 0.35739682909769177, 0.6023497127176057, 0.3610902622839576, 0.4515125413007984
0.501734545023428, 0.9994865791797589, 0.6680920431731214, 0.6088115205007213, 0.2552849029136167, 0.35972927486402345, 0.6050347222222222, 0.35717213954823107, 0.4491789755883793
0.5047700486277096, 0.9995307846097352, 0.6707876398187319, 0.6125203975671265, 0.25388659445167505, 0.35897844593370765, 0.6038048544694956, 0.36100531558032717, 0.45185419640723207
0.5037061125047746, 0.999436706267923, 0.6698264086706432, 0.6130336192447994, 0.25510790186264054, 0.3602862357678825, 0.6042375502629137, 0.3611499116716651, 0.452088610036128
0.5029596772947158, 0.999610922829615, 0.6692051436718579, 0.610020210085082, 0.2504096849522717, 0.3550666230984279, 0.6042667032514748, 0.36252147700031895, 0.45316991299538933
0.5037948802676552, 0.9994776035318098, 0.6699140774915983, 0.6103333992876929, 0.253487416538264, 0.3582035389238072, 0.6040317884424349, 0.3616275135096336, 0.4524049285159933
0.5037251442074524, 0.9995802277008764, 0.6698754674259837, 0.6037024423469884, 0.25533469144185855, 0.35888128877384273, 0.6043352902351756, 0.35637175574082797, 0.44835317767125404
0.5016147671227223, 0.9995990541790891, 0.6680109650780128, 0.6096604143680274, 0.25455308606586746, 0.3591495385148701, 0.5994747663228459, 0.35568791069103733, 0.4464703914352626
0.5034827001777521, 0.9995281276927496, 0.6696493615383559, 0.606930251016966, 0.2512320834531192, 0.355364819333101, 0.6030755591925805, 0.3623642696168818, 0.4527118687450408
0.5022989870007896, 0.9995071058900846, 0.6685968437140453, 0.6079906634882797, 0.2502350584580165, 0.35454677092383435, 0.6016562013448081, 0.36152691532672615, 0.45165847863083197
0.5034377426604065, 0.9995303438699665, 0.6696100929197033, 0.6051187839742299, 0.2469192852741836, 0.3507249336328364, 0.6015607580824972, 0.36093274059438546, 0.4511676667888681
0.5004522361137671, 0.9995973902630384, 0.6669789323956177, 0.606836134557177, 0.2529023259629979, 0.3570161786528647, 0.6040596094552929, 0.35939219762749175, 0.4506594080662475
0.5026782716495777, 0.9995172704210018, 0.6689350352971907, 0.6084990059642147, 0.2512931034482759, 0.35569436374201047, 0.6041251171908293, 0.3627644656437762, 0.4533198603241197
0.5027316208304128, 0.9994364580878511, 0.6689641692470707, 0.6024974246878219, 0.24661647949319182, 0.34997847296715484, 0.6021644652748189, 0.36175985747488915, 0.4519834721316089
0.5028820455027166, 0.9995273470813683, 0.6691176976358671, 0.6089145564934103, 0.2529475691525354, 0.35742017731934866, 0.6043933518951882, 0.36238593185100215, 0.4530995889411072
0.5006318373831101, 0.9995880620378571, 0.6671363422354036, 0.6059062888331181, 0.25544438509265727, 0.3593782742848059, 0.6070510593956234, 0.3564915859255482, 0.4491936002056159
0.5027192824187438, 0.999589995899959, 0.6689876348419627, 0.6080227104418662, 0.2533141358564303, 0.35763185596573377, 0.6020170674941815, 0.357402384729543, 0.44852610622310707
0.502593505408722, 0.999559060285688, 0.6688693325099069, 0.6096454252417555, 0.2522416234072676, 0.3568401497779455, 0.6035140148392415, 0.3603741269857549, 0.4512781655547065
0.504214756801319, 0.9995403613780988, 0.6702992982468158, 0.6086817353621904, 0.2537413010900581, 0.35817154447986094, 0.6041933363318687, 0.35942822447026374, 0.4507249462823516
0.5053370844624646, 0.9995396843257398, 0.6712901419674845, 0.6135674741351236, 0.2513752617102508, 0.3566379090677442, 0.6012124896566864, 0.365880478906531, 0.45491368625496736
0.5026909990720693, 0.9995592230024088, 0.6689557000017151, 0.6107243556154403, 0.2514097889168507, 0.3561906979451656, 0.6039217699296751, 0.36166615431909005, 0.452404299090577
0.503445532688652, 0.9995794871794872, 0.6696280111582911, 0.6052037863553877, 0.2535965308890624, 0.35742320448390225, 0.6034779318174, 0.3591683387248679, 0.4503215207095275
0.5028084975052723, 0.9996114082361002, 0.6690714205045192, 0.6071714944372055, 0.24918245202690195, 0.35335034633612833, 0.6015090577841944, 0.3590577516954109, 0.4496855143879577
0.5015972959325632, 0.999455863329295, 0.6679634966378483, 0.6056953770349258, 0.2569470060248371, 0.3608253356163398, 0.6046124166958962, 0.3535824906155771, 0.4462147784781455
0.502680563589786, 0.9996199827451625, 0.6689600659839164, 0.6115741429776257, 0.253287446065338, 0.35821697880192366, 0.6048659723407888, 0.3622540799214692, 0.45312919688423314
0.5006258853831295, 0.9995268949912578, 0.6671174340581079, 0.6069372730192455, 0.2518529909272643, 0.3559867267537059, 0.6062903727244464, 0.35920184190330007, 0.451128689204038
0.5037351381768809, 0.999631185329372, 0.6698957471568187, 0.6092304664436134, 0.25366453265044814, 0.35818995754774974, 0.6027583360561297, 0.36036601038400246, 0.45106037988366704
0.5038049001955331, 0.9995189305929436, 0.6699322192036442, 0.6107305651729893, 0.25178422895636726, 0.35656738991332676, 0.6026929123094799, 0.36206117840279206, 0.45236751654440055
0.5022630265789636, 0.999456332191289, 0.6685536274247446, 0.608079114158179, 0.2527031043423898, 0.3570321889344203, 0.6027983368700723, 0.35857595878531623, 0.44966667524645443
0.5024346304303068, 0.9995801503266635, 0.6687333438379908, 0.6107060771569088, 0.2536282459201478, 0.3584083310973001, 0.6006025243693405, 0.35609140182310917, 0.447100977618529
0.5027392313644571, 0.9995794742402331, 0.6690029415096088, 0.6084069691977435, 0.250794859394775, 0.35517927270872646, 0.6036901754625521, 0.36158706142144437, 0.4522774353597095
0.5023858600432856, 0.9994976522933711, 0.6686716826359216, 0.6081926281179699, 0.2524317668787195, 0.3567808224144557, 0.6012174722792254, 0.35758682229379063, 0.44844906648144217
0.5021061846645039, 0.9994669728156136, 0.6684170477058812, 0.6095571382803066, 0.2535910186087046, 0.3581730769230769, 0.602757521694698, 0.3572462503464772, 0.44860837168529477
0.5025534466360666, 0.9996401435313229, 0.6688520079112563, 0.608289850812082, 0.2555602441258504, 0.35991129406307976, 0.6086232070772137, 0.36126065500224314, 0.4533978284098253
0.5017039683644482, 0.9996404540551647, 0.6680993051932003, 0.6085597558574523, 0.2541785736312987, 0.35858578534449004, 0.6055190039544803, 0.35827041165592144, 0.4501803802749997
0.5022244675970079, 0.999651121030219, 0.6685630365708874, 0.6128943207769719, 0.25055657580203344, 0.3556999082421824, 0.6012543886559635, 0.3615512329104065, 0.4515641800215043
0.502372433305969, 0.9994555950448877, 0.6686503777870167, 0.6076087766816589, 0.25090297159743885, 0.3551514535327054, 0.6002321849284665, 0.3598935407923022, 0.44998208160548814
0.5022594392061597, 0.9995186103201753, 0.6685643818723667, 0.6116960798853132, 0.2531505728314239, 0.35810097092998017, 0.6052020919197867, 0.35989537206763744, 0.45137292382403843
0.5021484878149313, 0.9995487457182122, 0.6684728185571819, 0.6108371955428459, 0.2536520448379997, 0.35845467236652706, 0.6028420288351831, 0.35836356349361315, 0.4495117785440366
0.5028053051380025, 0.9995501758403533, 0.6690548775272095, 0.6140819741738891, 0.2513083653610271, 0.3566574066686492, 0.6048439924151009, 0.36227439805063394, 0.45313892368689546
0.5025613776239289, 0.999579305957438, 0.6688454131322112, 0.6079036358699677, 0.25336405909221843, 0.35766100045745985, 0.6063357754617686, 0.3603507839489769, 0.4520463637296133
0.5012589000103188, 0.9994856178758076, 0.6676700203419649, 0.6111593950982096, 0.25156898419772267, 0.3564244596502661, 0.6027153349655019, 0.36120744495290474, 0.4517068601600041
0.5016522747776775, 0.999527497586129, 0.6680282429830192, 0.6113647520864016, 0.2552103612927024, 0.3600994694001475, 0.6027169680712988, 0.357019845825816, 0.4484185995609546
0.502256445698312, 0.9995688947281984, 0.6685729782055727, 0.6080049413218036, 0.25173129839707853, 0.3560484396024133, 0.6017785881381588, 0.35949525776585795, 0.4501038899217127
0.5023991186070697, 0.999518600458866, 0.6686881145715559, 0.6088835778393633, 0.24546693863326535, 0.3498816585337346, 0.599158337716991, 0.36286187016350313, 0.451989912825305
0.5014696082938597, 0.999588134144709, 0.6678797969096137, 0.6097446186619108, 0.25130419691076333, 0.35591798964749427, 0.6030235736248719, 0.36232910456952827, 0.45266977841608536
0.5013447508346729, 0.9995685537304694, 0.667764681661434, 0.6055423517016637, 0.2541311478781273, 0.3580130665932697, 0.6056528759179847, 0.3563184343847034, 0.4486730159546761
0.5049663999669424, 0.9994990338509984, 0.670953838551604, 0.6080818514965937, 0.254697544090984, 0.359018666821558, 0.6056833791208791, 0.3613612383089011, 0.4526585267264223
0.5027474657665248, 0.9994656198296149, 0.668984729673958, 0.6082134513709578, 0.2535729664335951, 0.35792276578656035, 0.6037099205261716, 0.36094129212620196, 0.45177746303761285
0.5027397967081162, 0.9995588793483725, 0.668998829341307, 0.6106649691509157, 0.2552786449004657, 0.3600459043370937, 0.6029284652352799, 0.35838916519380165, 0.44955594797695314
0.5054420854608976, 0.9993562363327951, 0.6713413922582151, 0.6169415669315096, 0.2525266039561163, 0.3583665600490733, 0.604058342899588, 0.36710029546946815, 0.4566710059473671
0.5023231349171561, 0.9995279921195206, 0.6686229086229086, 0.6117632367632367, 0.2512204627502461, 0.35617693247251786, 0.6007071966655848, 0.36052901373795365, 0.4506121821361985
0.5037788189834641, 0.9995080404636718, 0.6699067141110363, 0.6118007057720307, 0.2537018655150889, 0.358670177367553, 0.6026576252611391, 0.36204094228988787, 0.4523417819135263
0.503164769180771, 0.9995183784725424, 0.6693659072193248, 0.6120243301663902, 0.24920938705748702, 0.35419469798901776, 0.6023852805762729, 0.36476893954981277, 0.45438759491237624
0.5037759759326609, 0.9995298446443173, 0.6699090977592974, 0.6119042780205264, 0.24719320210997311, 0.3521336783474409, 0.5996543193140611, 0.36400666543232735, 0.4530185877413078
0.502384672101141, 0.9994768533240329, 0.668665975829862, 0.6065787167997597, 0.24915426773467142, 0.35322157434402335, 0.6027198580350135, 0.3613236497545008, 0.4517989844339562
0.5024758092801584, 0.9995280308626775, 0.6687581519873688, 0.6130005278636603, 0.249956439296879, 0.3551125607944783, 0.6031168742883364, 0.3640877799550636, 0.45406622652131634
0.5038890663150195, 0.9995299791555974, 0.670009109526647, 0.6080392156862745, 0.25495616784682895, 0.35926808251812054, 0.6024736823819615, 0.3563377821615346, 0.44781303463636657
0.50361095503446, 0.9995805111624957, 0.6697745525844013, 0.6118025590502083, 0.25179641947934633, 0.3567621028441775, 0.6061902968466464, 0.363754032009533, 0.4546738572162301
0.503300279056357, 0.9995603137110546, 0.6694952109936546, 0.6107122307557601, 0.2508941418293936, 0.3556708165480466, 0.6031457436407609, 0.3610155744689589, 0.4516775420027745
0.5020572732482202, 0.9995683098302018, 0.6683963641986975, 0.6078972696418621, 0.24606567629358514, 0.35032586245903913, 0.5988367192109921, 0.36367731828932415, 0.4525301941599144
0.5038696453556512, 0.9995391138695999, 0.6699939929631854, 0.6150440264158495, 0.2519237271637448, 0.35743932312299653, 0.6001835579652259, 0.36305968231121166, 0.4524349463812123
0.5022951022363723, 0.9995386744579425, 0.6686004649344771, 0.608562538892346, 0.24991056004742873, 0.35431792820602004, 0.5993197746324035, 0.35923149787900005, 0.4492081884897644
0.5028501502524861, 0.9995484076237003, 0.6690941818644004, 0.6036549420318333, 0.25306862179751216, 0.3566287439052705, 0.6071170458065183, 0.360185799601858, 0.4521333512741159
0.502721095460366, 0.9994867214848121, 0.6689661095556281, 0.6105983996858279, 0.2543244458984215, 0.35908428239437634, 0.6036222153358812, 0.36045686792569215, 0.45137328861911596
0.5026192317607631, 0.9995590919344585, 0.6688921214782693, 0.6107362645510491, 0.25383406436502964, 0.3586189881868052, 0.6061905007832809, 0.36070393247492905, 0.45228370324702016
0.5024721209715255, 0.9995589924515917, 0.6687618152312269, 0.6097427612774947, 0.25190988622828275, 0.3565247088059409, 0.6055881444890399, 0.3617223998032948, 0.45291514335193384
0.5021340140131865, 0.9995063099756241, 0.6684505036817433, 0.608626315660345, 0.25460572906510115, 0.35902222994095173, 0.6054905598790565, 0.36023098937040066, 0.4517170888631135
0.502654520924628, 0.9995494480738906, 0.6689212108752634, 0.6073399558498896, 0.24966485862189866, 0.35386369283386193, 0.6075737093379421, 0.362794784812196, 0.4543110673226407
0.5021996964161671, 0.9995698572335675, 0.668522913691363, 0.6104361139921963, 0.25413813665617996, 0.3588704994192799, 0.6051577322627079, 0.35754979916386587, 0.44951144261302517
0.5027714614238351, 0.9995489585041823, 0.6690246421011825, 0.6079487876615833, 0.2523286828067296, 0.356635904276528, 0.604802065404475, 0.3605183239627365, 0.4517510027769207
0.5039809697776539, 0.9996315477043375, 0.6701131720771313, 0.6106231702216646, 0.25489088575096275, 0.35965280897248264, 0.6044680997657434, 0.36022747102721236, 0.4514294902717479
0.5027234827598646, 0.9995594172011721, 0.6689845054534358, 0.6058615089325262, 0.25231604837056776, 0.3562632942163828, 0.6018440035288622, 0.3574936807710487, 0.4485499352160432
0.5013300276335838, 0.9994954123716648, 0.6677352999855528, 0.6091401227705544, 0.2576618756516939, 0.36214080459770115, 0.6028304675139524, 0.35536902089803113, 0.44714545477992856
0.5017258306205756, 0.9993721696171264, 0.6680587567511782, 0.6072098302408212, 0.25242588983485487, 0.35660566013128725, 0.602563225077855, 0.35988758303525803, 0.45063087042203054
0.5033015293735599, 0.9995700377752526, 0.6694984983749537, 0.6088573782360137, 0.25070671559708474, 0.3551675428504857, 0.6033845522056056, 0.3615383038057743, 0.45215350882816807
