0.0, 0.0, 0.0, 0.500202571374357, 0.9999282367776263, 0.6668307490360161
0.6609005928880568, 0.9996408819938232, 0.7957202654415518, 0.9992644895557516, 0.48750756107813287, 0.6553109388458226
0.6617173815634038, 0.9995590195877346, 0.7962860083985556, 0.9990986458726365, 0.48890142578726026, 0.6565332378302433
0.6648897833743558, 0.9994889511232854, 0.7985562161102764, 0.9989567249509661, 0.4927440769024927, 0.6599580943978827
0.6621084864985979, 0.9994670383732371, 0.796539908269995, 0.9989102873069428, 0.48923351670908943, 0.6567918925808296
0.662417615236854, 0.999600536714773, 0.7968059830664849, 0.9991819268768485, 0.4892111452310284, 0.6568304353221825
0.6608059800709523, 0.9995280308626775, 0.7956159371465207, 0.9990331462681548, 0.4873175032808399, 0.6550894819898976
0.6598004615175784, 0.9995784321789916, 0.7949026149242016, 0.9991397398237516, 0.487180798821411, 0.6549888586283733
0.0, 0.0, 0.0, 0.500982126830269, 0.999846467210514, 0.6675048858154187
0.66293013201365, 0.9996309849626372, 0.7971863338551395, 0.9992483400843529, 0.49113840912122986, 0.6585797147319677
0.6615629052737358, 0.9994870900567279, 0.79615133191698, 0.998952287157136, 0.48886860752484185, 0.6564720462682456
0.6590310939874104, 0.9996398880566302, 0.7943634104065147, 0.9992643349588027, 0.4860645345983969, 0.654005942882298
0.6597996111453598, 0.9994868900405357, 0.7948730504615233, 0.998944858294469, 0.48523397058069806, 0.6531854120958729
0.6612649080387949, 0.9994764559145083, 0.795932131339184, 0.998932250230299, 0.48892782850174715, 0.6565211109658688
0.662129007265239, 0.99943578169881, 0.7965448309411779, 0.9988508388876121, 0.4902173913043478, 0.6576650318817452
0.662209108647028, 0.9994869426914986, 0.7966190409984215, 0.9989563547558914, 0.4906350914962325, 0.6580637177389416
0.6611896556402811, 0.9995179932108831, 0.7958907857075778, 0.9990125220606774, 0.487727072242566, 0.6554550028603527
0.6589239316993087, 0.9995883503138829, 0.7942692894262339, 0.9991595402685269, 0.48607789021772463, 0.6539955852925603
0.6617160367722166, 0.9995062795075138, 0.7962682989785759, 0.9990031152647975, 0.49194612340073024, 0.6592521020496269
0.6630399303666631, 0.9994567278616604, 0.797210287270096, 0.9988945436342399, 0.4914770686452593, 0.6588071835858776
0.6605790373808942, 0.9994557851069947, 0.7954285434100419, 0.9988877696633929, 0.4876347170429865, 0.6553447516246282
0.0008326394671107411, 1.0224844326745126e-05, 2.0201612088644674e-05, 0.49535343319624975, 0.987654193973189, 0.6597914762300772
0.6596004477156328, 0.9995476927188808, 0.7947477257309129, 0.9990753388672902, 0.4864972728482107, 0.6543570120986058
0.6614471025977648, 0.9995682654550687, 0.7960932159333259, 0.9991247994332034, 0.49066702142901003, 0.6581289848806166
0.6614499986438471, 0.9995286595487427, 0.7960827518668135, 0.9990320680077435, 0.48742377266287495, 0.6551852618505486
0.6626429090612667, 0.9994569672131147, 0.7969233157277714, 0.9988910045824527, 0.49012320328542097, 0.6575889690132308
0.6627352555077166, 0.999579387958185, 0.7970290145522663, 0.9991454594718523, 0.4915558381099843, 0.658932523264285
0.6610743493162307, 0.9995997742316178, 0.7958331631194084, 0.9991816178785017, 0.4880938957511148, 0.6558226017491908
0.0, 0.0, 0.0, 0.4988306492973638, 0.9997944121214614, 0.6655808829064332
0.6603592458136438, 0.9995906714012341, 0.7953118766334747, 0.9991503642813144, 0.4835473226492871, 0.6516992477036258
0.6611685674964913, 0.9995056286241026, 0.7958715878476735, 0.9990046037078512, 0.49203836293625586, 0.6593352448863675
0.0, 0.0, 0.0, 0.5008411981945015, 0.9995905163588714, 0.6673227539262722
0.6620765442483278, 0.9995289202031787, 0.7965364432438609, 0.9990332478668404, 0.48828991700221874, 0.6559675438475444
0.6620232712856231, 0.9995797501050625, 0.7965140259814512, 0.9991403530842454, 0.48905469062695633, 0.6566804241626646
0.6595500739474363, 0.9995784495167592, 0.7947208802347728, 0.9991386192697173, 0.48656640065479845, 0.6544331145330196
0.6607492795389049, 0.9995384094615802, 0.7955781257654186, 0.999053129931615, 0.48691942447518743, 0.6547339970765879
0.6620000271447767, 0.9995286740371118, 0.7964809863036068, 0.9990344653876831, 0.48865024691231274, 0.6562928746251163
0.6624503563462271, 0.9995485142012805, 0.7968131400713281, 0.9990824157490824, 0.4911424587878291, 0.6585473140155056
0.6594504973945997, 0.999446159526569, 0.7946067818861586, 0.9988566589032395, 0.4838613729371583, 0.6519218677666535
0.662339514010062, 0.9996208666782798, 0.7967559356087521, 0.9992245300023055, 0.48944142738350666, 0.6570471741017903
0.6618211514904042, 0.9995169330386967, 0.7963477798022397, 0.9990220557636288, 0.49140780922163657, 0.6587726820567351
0.6615928481593528, 0.9993941012159053, 0.7961435098641557, 0.9987683957833211, 0.49010489223961323, 0.6575459186828742
0.6661285818399777, 0.9994072984048152, 0.7994229055804867, 0.998796255940892, 0.4954036832298776, 0.6623040612140979
0.6593097559818664, 0.9995171662797149, 0.7945270361311976, 0.99900904509899, 0.48518298552089945, 0.6531529358247121
0.6626487205954257, 0.999580004097521, 0.7969666280076447, 0.9991412533512064, 0.48986444855206407, 0.6574102147129351
0.6629511893602859, 0.9994572674954431, 0.7971463107858672, 0.9988907028339403, 0.49026154130626837, 0.6577134037099308
0.6615933897786392, 0.9995581904301992, 0.7961959635310101, 0.9991033260348243, 0.4905347434807982, 0.6580053286455901
0.6617850365952833, 0.9995496279312568, 0.7963320109110036, 0.9990725126475548, 0.4870970062587998, 0.6548986824924176
0.6588407426725101, 0.9995067412035514, 0.7941830889887769, 0.9989867218340335, 0.4844300221112112, 0.6524655485009547
0.6611536005868529, 0.9996302952503209, 0.7959002620594355, 0.9992464520450455, 0.48899359795134445, 0.6566482575533532
0.6624050650109371, 0.999620695664654, 0.7968033078246232, 0.999225844248232, 0.49005161462448565, 0.6575970588032799
0.661563403019902, 0.9995183241780766, 0.7961616013191944, 0.9990121484719828, 0.4878777303333881, 0.6555909573661053
0.662027657887783, 0.9996214640135045, 0.7965304442107495, 0.9992195903904157, 0.4871112025088684, 0.654943110336914
0.6626563252787221, 0.9996212586496336, 0.7969852404095307, 0.9992231949780606, 0.4891067538126362, 0.6567452514506102
0.6617677007670898, 0.9995283550871005, 0.7963127090642499, 0.9990354371985741, 0.48881182735023443, 0.6564388015899807
0.6604817066956551, 0.9994756538904425, 0.7953642682113652, 0.9989333891038377, 0.48870426454939836, 0.6563197779472487
0.6608608581334677, 0.9995054962036531, 0.7956485726235679, 0.9990040047309775, 0.491611612020463, 0.6589518634603014
0.6616799826077504, 0.9995894656895951, 0.7962685896020865, 0.9991633199464525, 0.48959678576553306, 0.6571739100526917
0.6612366998674236, 0.9996094392369677, 0.7959538589333868, 0.9992069289366586, 0.49002087939081307, 0.6575652902437182
0.6621430706115684, 0.9995386082373809, 0.7965876637835585, 0.9990580256217031, 0.48966338015163796, 0.6572111180727205
0.0, 0.0, 0.0, 0.4999974348582246, 0.9991900675627186, 0.6664843055460575
0.6611675816709246, 0.9996096398413905, 0.7959038450527969, 0.9992054198728672, 0.4893399143916276, 0.6569515665598922
0.0, 0.0, 0.0, 0.49854341047103234, 0.9997531575266384, 0.6653160121011348
0.6592011082890787, 0.9995469242333752, 0.7944575394487003, 0.9990784568340804, 0.48732198680097255, 0.655103274005713
0.658957143923914, 0.9995983853029616, 0.7942965857250988, 0.9991822699347913, 0.4868017815551833, 0.6546553559776076
0.0, 0.0, 0.0, 0.4996486620949997, 0.9996818783543875, 0.6662836506894287
0.6612990784848608, 0.9996204738947584, 0.7960025484366321, 0.9992232439014149, 0.4881242949441083, 0.6558590089841813
0.6620096539533619, 0.9995996468680066, 0.7965104865360076, 0.9991859737006888, 0.4905519234316398, 0.6580387089679441
0.6603122287326388, 0.9995072627418775, 0.7952513772557795, 0.9989904088844018, 0.48671414664138957, 0.6545349309924274
0.6598683317496946, 0.9995373702066414, 0.7949388823024406, 0.9990558120016786, 0.48720965926532284, 0.6549969048765389
0.6616763618571273, 0.999445704724854, 0.7962203513879291, 0.9988714261829126, 0.4897980098176862, 0.6572919746677027
0.6612475498674046, 0.9994976625932912, 0.7959262812008898, 0.9989697007926996, 0.487502052208176, 0.6552425611143675
0.661663429277768, 0.9994767781847281, 0.7962208482659137, 0.9989322055190318, 0.48920811672665004, 0.6567737406135358
0.661679507246966, 0.9995393827729157, 0.7962523545096505, 0.9990510533308028, 0.4868814552181286, 0.6546992247419261
0.6609922244989348, 0.9995793232234101, 0.7957671698359798, 0.9991389087243248, 0.48773811232545267, 0.6554921737213404
0.6611832298978292, 0.9995186152506785, 0.7958863275850117, 0.9990085224875538, 0.4863862784368099, 0.6542422756253066
0.6614531735584296, 0.9996000820344545, 0.7961077037412105, 0.9991811195565448, 0.48817193270414444, 0.6558929334417598
0.6627656611898632, 0.9995799954926345, 0.7970511956543936, 0.9991417746425806, 0.49015218418188167, 0.6576693878956977
0.6627245417618857, 0.999447762415119, 0.7969794210828905, 0.9988639471525046, 0.488386685319289, 0.6560183490041382
0.6605988316141888, 0.9996205556296213, 0.7954950727358048, 0.9992201660835476, 0.4863010185764548, 0.6542105081588299
0.6609568572049555, 0.9995685936151855, 0.7957381392382292, 0.9991207502930832, 0.48877555200524353, 0.656424504167469
0.6614167335664621, 0.9996298390828235, 0.7960907464348738, 0.9992502186862166, 0.4908486367589135, 0.6583195548816883
0.6590415559541953, 0.9995295080290477, 0.794336156584787, 0.9990153688085962, 0.480016455826391, 0.6484563870286493
0.6624753301186189, 0.9994986135128775, 0.7968153489737985, 0.9989695707946923, 0.48836755045183045, 0.6560238634480473
0.6627084180561204, 0.9995501942343079, 0.7970003260515162, 0.9990729034976823, 0.4879193249639844, 0.655641592920354
0.0, 0.0, 0.0, 0.5000307761751369, 0.9995488475104586, 0.6665937282039359
0.663537842200985, 0.9994972347913524, 0.7975829826256406, 0.9989832548295395, 0.4935871805124104, 0.660719677215711
0.6607322648235326, 0.9996500581521012, 0.7956011550039933, 0.9992917256895258, 0.4902852587361127, 0.6578216599814872
0.6623854956644649, 0.9995078033674453, 0.7967532839078298, 0.99899673940306, 0.4903260222819508, 0.6577944151608153
0.6616501524649059, 0.9995588340908391, 0.7962372709589892, 0.9990995330136326, 0.48917779987901283, 0.6567825775722034
0.6631933115823817, 0.999549240367574, 0.7973505820629012, 0.9990810359231412, 0.49119492334705867, 0.6585941748642156
0.0, 0.0, 0.0, 0.5002154398563734, 0.9994875316449209, 0.6667441550405617
0.6616768710031123, 0.9994959107041819, 0.7962366516690024, 0.9989827060020345, 0.49202924484891863, 0.6593222893629849
0.6621714301235172, 0.9995080152515272, 0.7965984699649963, 0.9989944063855195, 0.4893981690545589, 0.6569584415405493
0.0, 0.0, 0.0, 0.4988408948701905, 0.9997738603073444, 0.6655854487225547
0.6625278487203173, 0.999579836238612, 0.7968791487101979, 0.9991418285331547, 0.4899968178692042, 0.6575295292537622
0.6619920037469709, 0.9994670820693613, 0.7964556238387881, 0.9989094188460812, 0.4888836426342585, 0.6564763447158953
0.6612982174663821, 0.9994759771484937, 0.7959561079789541, 0.9989354151880766, 0.48993611532003767, 0.6574301768075723
0.6623000027164317, 0.9995490370916992, 0.7967045310655541, 0.9990784954343638, 0.4896182939721444, 0.6571749357689473
0.6615035530374054, 0.9995791116175459, 0.7961375408301343, 0.9991422953014518, 0.48941969729574636, 0.657009815047906
