0.5013292117465225, 0.9995377646297494, 0.6677440273388848, 0.49671079347031594, 0.43747317651386647, 0.4652138242788762, 0.5952985502498157, 0.07470833119185898, 0.13275613275613277
0.0, 0.0, 0.0, 0.32872812526165957, 0.9255922178828787, 0.4851522917640485, 0.5927867004790082, 0.10789381910681684, 0.1825597237046486
0.5013345424941001, 0.9996198617118551, 0.6677670749158393, 0.5191733067729084, 0.3199815837937385, 0.3959361944549943, 0.5658880217880898, 0.22179683250023094, 0.31868626164158304
0.5020066423218169, 0.9994652626383119, 0.668328456838725, 0.5005302888514568, 0.4109301372669535, 0.4513261890698394, 0.5900896095583529, 0.11330861567454627, 0.1901120428924938
0.5016618325574674, 0.9994344938205597, 0.66801594392138, 0.5122047474275023, 0.35839350365112804, 0.4217119751615582, 0.5708726337312842, 0.1776040384141837, 0.2709216972125272
0.0, 0.0, 0.0, 0.3305246381837433, 0.9147650115886095, 0.4855936521013322, 0.6102628752859878, 0.1340526569503277, 0.21981903192169264
0.0, 0.0, 0.0, 0.326242129945902, 0.9067843580006159, 0.4798457506755197, 0.5809321838550551, 0.12903457032850005, 0.21116576034588216
0.0, 0.0, 0.0, 0.32465031273436873, 0.9129095004095004, 0.47896893816099734, 0.5217073445056799, 0.09506486586190642, 0.16082449206019
0.501840731542342, 0.9995166598107774, 0.6681928961579578, 0.5365384615384615, 0.35979366671442903, 0.4307402007033193, 0.6136848110006905, 0.2095249810361441, 0.3123925386478783
0.5020279731119183, 0.9996296296296296, 0.6683841055502626, 0.5193705567537343, 0.39922635311454274, 0.4514415649789103, 0.6288638174726334, 0.15365696190856826, 0.2469692976676769
0.5037072581768649, 0.99948808780318, 0.6698389608963847, 0.505695195672924, 0.40740892639263415, 0.4512623079281796, 0.6017100815271426, 0.12440388094063476, 0.20617994753517527
0.5019451448566871, 0.9995286353994814, 0.668288121019872, 0.5270144501591967, 0.3309511114756788, 0.4065804639327845, 0.5855653351387948, 0.22203053921115595, 0.3219763528605891
0.502962207385427, 0.9995699937546711, 0.6691982110115324, 0.5031392283728733, 0.4301357234314981, 0.46378220172847007, 0.6159565916398714, 0.09459681899549392, 0.16400606438954785
0.0, 0.0, 0.0, 0.32657118649106637, 0.9014987536032663, 0.47945724909091403, 0.5903144168489683, 0.1411313479366642, 0.22780053796813574
0.5016244817129772, 0.9995170372806116, 0.6680012636321182, 0.5359249454275231, 0.3545189205796508, 0.426743426324289, 0.6143415982823024, 0.21413998503162837, 0.3175812312791741
0.501073762598042, 0.9995171761998685, 0.6675128035373095, 0.5177432971383656, 0.364014081624299, 0.4274777968729344, 0.5886026805307045, 0.17893062397372742, 0.2744351138429573
0.0, 0.0, 0.0, 0.3200510845615045, 0.8336344969199179, 0.4625274496791485, 0.5821218682338385, 0.231054909302968, 0.3308065827346033
0.5028214492035983, 0.9995385940447872, 0.6690665751544269, 0.511239554507409, 0.3844962988783859, 0.438901079610287, 0.5949903050927942, 0.15431984728123652, 0.24507558779185853
0.5023369904098365, 0.9994668416519706, 0.6686214997342113, 0.4980462430622962, 0.4106842342897016, 0.4501659074292784, 0.5750456078279618, 0.10666967472004595, 0.17995761429003937
0.5027024794668347, 0.9994970644989121, 0.6689519439168232, 0.5261560464007627, 0.3395721376707552, 0.41275757613532954, 0.5888619314537494, 0.21643229059899144, 0.31652713550137535
0.5002938083750851, 0.9995056998980506, 0.6668178117625235, 0.5118053592991291, 0.4076700330499023, 0.4538407650204753, 0.6196125907990315, 0.13101308594949929, 0.21629251470687674
0.5038507995829161, 0.9996415550366639, 0.6700003432062326, 0.5299691001824206, 0.29216607831869307, 0.37667526625653236, 0.5692089141436563, 0.2632637976346912, 0.3600168468341991
0.5018251750415047, 0.9996199983567496, 0.6682021955087498, 0.511037563060313, 0.32599516254663224, 0.3980627479444855, 0.56305090348171, 0.20952234522345223, 0.30539950995039744
0.5017793227758466, 0.9995588657720875, 0.6681478890866138, 0.4983103584590469, 0.40054736108406197, 0.4441123322233461, 0.5797749422284738, 0.11841173754681168, 0.19665845907421764
0.5023071954527839, 0.9994859087590866, 0.668599372730274, 0.5005986285963067, 0.4233857357649153, 0.4587660286604085, 0.5964018175119735, 0.09964913000656599, 0.17076601206069023
0.5029953691541366, 0.9994984492870815, 0.6692115272590207, 0.5458621826574349, 0.254483225052774, 0.3471320440869158, 0.5684672416401876, 0.30916403509674234, 0.4005090313080905
0.5019833798443214, 0.9995275315578106, 0.6683217614053883, 0.527303442607981, 0.35510618235487046, 0.42440315053223415, 0.5989129444630006, 0.20215022906396368, 0.3022742597928033
0.5032472568952501, 0.999517315039231, 0.6694386551384962, 0.5105982039585689, 0.4028442822134955, 0.4503656663380637, 0.6034117063044361, 0.13699935450158301, 0.22330032231667196
0.5029565683204219, 0.9995086699285525, 0.6691794762847881, 0.5120490725865342, 0.3598517895082573, 0.4226668032959813, 0.5778625443351402, 0.17735194142353944, 0.271406457493537
0.5027227901135439, 0.9995906336990339, 0.6689908834992021, 0.5123928220025301, 0.33592038170909017, 0.40580104517764926, 0.5622641509433962, 0.19790572681781676, 0.29276428522470244
0.5011399603715808, 0.9995893814030837, 0.6675876442741131, 0.5164606875380422, 0.39920835421546264, 0.45032738181083964, 0.6148711374386632, 0.14292760622720033, 0.2319403681963714
0.501441858785537, 0.9996092183338304, 0.6678598911669323, 0.4984572408101073, 0.4017890955241907, 0.4449330718924617, 0.5735249773846618, 0.11697896592726229, 0.1943228838524018
0.0, 0.0, 0.0, 0.49932294779988534, 0.41939648547569036, 0.4558830081083489, 0.2678355616881572, 0.5780016223598148, 0.36605009120201326
0.5033995034664633, 0.9994988852754085, 0.6695692088460168, 0.511731645431479, 0.38439389281688696, 0.4390155416159536, 0.5886697540721814, 0.15180998270323698, 0.2413731011000524
0.5022292928044813, 0.9995593901139438, 0.6685467953286912, 0.5012511690215605, 0.40728684240252205, 0.44940993841604016, 0.5913175216800752, 0.1160601679534898, 0.19403611927761444
0.0, 0.0, 0.0, 0.3246527844886568, 0.8608944331122705, 0.471498343906136, 0.5984938330170778, 0.20743161312863515, 0.3080844309458036
0.5030184403008139, 0.9996007984031936, 0.6692548871793993, 0.5046693445177968, 0.4097151498318057, 0.45226199127906974, 0.5991975721413507, 0.11935939997540883, 0.1990652528687509
0.5017469184153028, 0.9995380445940952, 0.668114509997667, 0.5388827520908948, 0.34992673354578896, 0.424319236575774, 0.6147288589838626, 0.22114072964850923, 0.3252698513271933
0.5017610808859552, 0.9994966511895468, 0.6681178179171402, 0.5240687762727697, 0.36762673164938003, 0.43212439598264524, 0.6107139294383667, 0.18839821511001692, 0.28796312265792817
0.5016753268176007, 0.9996610308770055, 0.66807850459591, 0.4860633922090491, 0.4122681004761123, 0.44613471318483644, 0.5424028268551236, 0.08799262974715938, 0.15142066973171978
0.5012659011101772, 0.9995989758460068, 0.6677015220616518, 0.5210119704558961, 0.3780182325886991, 0.4381432872050547, 0.6109776646470441, 0.17418055825267525, 0.2710802169659758
0.5028632987469525, 0.9996004016475748, 0.6691174705509165, 0.5158132197042301, 0.3590901625882739, 0.4234146459542382, 0.57971959569612, 0.1824001313116806, 0.2774916502793645
0.5023574708147172, 0.9995186546910685, 0.6686512354454489, 0.523342786246012, 0.3031488383076149, 0.3839137699013789, 0.5672662903071476, 0.24333032342800853, 0.3405715927042941
0.5029908569657524, 0.9995688593249569, 0.6692233149831962, 0.5126167045167802, 0.41560965630114566, 0.4590441757993447, 0.6326208651399491, 0.1277280013151946, 0.21254295826422967
0.0, 0.0, 0.0, 0.33291324963689245, 0.9218080044207488, 0.489163784068509, 0.6516807683512463, 0.14678190283901274, 0.23959778377514904
0.5022716607103259, 0.9995176667385035, 0.6685749981122621, 0.5223434328790953, 0.2961300198276128, 0.37797578070192694, 0.5706715816150213, 0.25348451667041894, 0.3510412902220049
0.0, 0.0, 0.0, 0.3149623083134866, 0.7885629836408793, 0.4501348893204566, 0.5752998392614269, 0.28616677771513505, 0.382212608073603
0.501929087964348, 0.9996301889118309, 0.6682965857544614, 0.5145816047447835, 0.34242653524467803, 0.41121288769922154, 0.5743799189124732, 0.1979127076249859, 0.2943886321097062
0.5018205039731791, 0.9994358800783614, 0.6681569149118537, 0.49578031132995437, 0.4233635924376227, 0.4567191988199674, 0.5785058977719528, 0.0903286538697663, 0.15625885018408384
0.5024884630507211, 0.999444335826962, 0.6687506239822634, 0.5181322626974801, 0.32578066475797596, 0.4000352820357735, 0.5751265288907634, 0.22292837437416982, 0.3213112822702973
0.5017559239873141, 0.9996301395195923, 0.6681430665856364, 0.512273770073923, 0.4118261831818601, 0.4565907632187303, 0.6248944099378883, 0.1288933985179719, 0.21370673101432527
0.501842622038275, 0.9996303977331061, 0.6682199856563916, 0.5238835988812419, 0.3425210602013561, 0.4142202233790113, 0.5921471829166787, 0.21104155158657092, 0.3111788173364807
0.5025248755578663, 0.9996006676018554, 0.6688178672969548, 0.5169635415058809, 0.3443163944032651, 0.4133360484274052, 0.5871378598977487, 0.20127913412459258, 0.2997870440337982
0.5017893013720559, 0.9995988108341649, 0.6681656593161018, 0.5132704956940395, 0.3871951219512195, 0.4414068194939322, 0.6076292107987576, 0.15644061715105848, 0.2488198990697788
0.0, 0.0, 0.0, 0.327655683612879, 0.9297045643323728, 0.4845436859995297, 0.5658344949942973, 0.0920153736772146, 0.15828983169519015
0.0, 0.0, 0.0, 0.31406897178276905, 0.7793855424156094, 0.4477201616535046, 0.5725429327602333, 0.29693079320522614, 0.39105408729808155
0.5026588200100061, 0.9995589743589743, 0.6689271508632968, 0.5001557483107298, 0.4273022241783437, 0.460867597299729, 0.6162783021981649, 0.09594968191488268, 0.16604713205869276
0.5026120669265022, 0.9995091873983865, 0.6688746026912642, 0.5276551090901141, 0.37161274429298735, 0.4360955690599083, 0.6207447712973984, 0.1876355636879491, 0.288165829939061
0.504209623768104, 0.9995596969076388, 0.6702991100856954, 0.516495971030117, 0.3829889722461362, 0.43983451327954426, 0.599321906197024, 0.16355841592301681, 0.2569843231324659
0.5028668485254002, 0.9995907593460335, 0.669118452772299, 0.5123614532019705, 0.34178125096271345, 0.41003812961605507, 0.5651428571428572, 0.19297164628197624, 0.2877046858612691
0.0, 0.0, 0.0, 0.3148203500870099, 0.7886169689012883, 0.44999868313624275, 0.5729803685814383, 0.28257713619727237, 0.3784927389372351
0.5025076313601123, 0.9995068729581459, 0.6687815993978284, 0.5127859818581468, 0.34024917574798946, 0.40906873792162407, 0.5732450640146985, 0.20097954008650218, 0.29761526232114466
0.5024817352540554, 0.9996202245807074, 0.6687840352696383, 0.5201714381587176, 0.3496232508073197, 0.41817691345611496, 0.5844026448476797, 0.1984640465912703, 0.29630309988518944
0.0, 0.0, 0.0, 0.5107570306189881, 0.285535430242701, 0.36629564049736374, 0.29728287137243364, 0.7263485413265149, 0.42189205470627883
0.5025089309682615, 0.9995071261346367, 0.6687828070464726, 0.4933025950227582, 0.42794580679568833, 0.45830587408286105, 0.5765467727176744, 0.08391644213136083, 0.14650854976032052
0.0, 0.0, 0.0, 0.32819385794336603, 0.8773608120578283, 0.4776961789999916, 0.623474888867871, 0.20337937204973416, 0.30670926517571884
0.5018052214937242, 0.9994870742716455, 0.6681548078274854, 0.525047324437878, 0.349785715750405, 0.41986080942213144, 0.5932142428965352, 0.20302402396241512, 0.3025143293847917
0.5016798581911122, 0.9996508953507475, 0.6680802591128678, 0.519092442304643, 0.3691315757103612, 0.4314528931461879, 0.6058906513436328, 0.18050885681482695, 0.27815029814792874
0.5016401728886642, 0.999496444280018, 0.6680105772863079, 0.5027958785023038, 0.34525516055045874, 0.4093925100317495, 0.5534146727935351, 0.1790562710196046, 0.27057009830884005
0.5022575690414094, 0.9995076569599869, 0.6685602747103843, 0.5225914577372992, 0.3159543109801032, 0.393812789028863, 0.5701129011797539, 0.2309384088877013, 0.32872043183779753
0.5039293693916831, 0.9994985108843607, 0.670037666463126, 0.5151828847481021, 0.3525673275357557, 0.4186381064425087, 0.5792068395269743, 0.1905969566913773, 0.28681350092318625
0.5018474871087598, 0.9995080253366951, 0.668196954954708, 0.5096430579906712, 0.31492875978658597, 0.3892960024258351, 0.5526985473438659, 0.2147359314492873, 0.30930129060970185
0.5008923413386152, 0.9994030895262795, 0.6673263720669739, 0.5115099372465578, 0.3403436778661195, 0.4087302565113471, 0.5725030351485002, 0.19757199207014245, 0.29376505177430506
0.5042115138768609, 0.9994890816754034, 0.6702849017491562, 0.5243879060086543, 0.39278131634819535, 0.449142354493476, 0.6327708006279434, 0.16597694049824996, 0.26297504485402057
0.5023766714200095, 0.99948604087003, 0.6686609451504649, 0.5139246702390766, 0.4100832562442183, 0.45616903534146647, 0.6284709193245779, 0.1368278087535486, 0.22472871207419956
0.502652896013695, 0.9995181019368201, 0.6689127525988953, 0.5241194552729646, 0.3126888991342657, 0.3916938319772068, 0.5733696999752046, 0.23750051353683085, 0.3358752015338359
0.5016746707339695, 0.999599581100228, 0.6680641995978948, 0.5166140877120398, 0.40934096892831895, 0.45676366192835954, 0.6271813353566009, 0.13566658802531567, 0.22307867461649392
0.5028140077340157, 0.9995803093427235, 0.6690693324380435, 0.5014427012736032, 0.3831654941854503, 0.4343969260639318, 0.5643397813288478, 0.13793103448275862, 0.22168077637827793
0.5035244288261179, 0.9995397172841274, 0.669688870614035, 0.49876856769029476, 0.3974060219537622, 0.4423549488054607, 0.5581883916357241, 0.11791479172687115, 0.19470006816632585
0.010526315789473684, 1.0234052787244277e-05, 2.0448225094061837e-05, 0.3214024001071617, 0.8370425093114169, 0.46446312517258165, 0.5891713967291294, 0.23356554260937468, 0.33451794951033414
0.5040632007735512, 0.9994594980470543, 0.6701471870352326, 0.5219802473751441, 0.3447857179605906, 0.41527088406793944, 0.5837711789361828, 0.20334574019617924, 0.30162579306979015
0.5028681674679653, 0.9996000861352939, 0.6691217099731273, 0.5150694566555302, 0.30053248791898796, 0.37958493426722045, 0.5549810905261142, 0.2377758634834687, 0.3329169358891521
0.5031103316655491, 0.9996310492549245, 0.6693429955669014, 0.49057784911717495, 0.31307492163651635, 0.3822238341191331, 0.5255986787778695, 0.19624064786648032, 0.28578056482631664
0.0, 0.0, 0.0, 0.49461725652012906, 0.3840363920151154, 0.43236837845961756, 0.2737082985388629, 0.60811628073844, 0.3775047246950424
0.0, 0.0, 0.0, 0.32097716784161145, 0.8414933245764364, 0.4647002153462541, 0.5828644086137864, 0.2206258832203494, 0.3200909239477633
0.5015726513354646, 0.999517067055753, 0.6679553117124788, 0.49472761459497916, 0.39914924149241493, 0.4418285377144413, 0.5560761789600968, 0.11306316458030281, 0.18791820611921747
0.0, 0.0, 0.0, 0.3179639741807194, 0.8399249022806315, 0.46129791100280315, 0.5538795566221003, 0.19772374969405238, 0.29141740568164737
0.5045136287301383, 0.999518851796116, 0.6705585011400785, 0.5084972567911147, 0.43023148100497133, 0.4661016949152542, 0.6367755783448604, 0.10935900061437641, 0.18666107382550334
0.5042483120315501, 0.9995804596524978, 0.6703379653456853, 0.5083193687571748, 0.396304830878117, 0.44537703401832424, 0.5977206490060464, 0.1408379968431626, 0.22796234084028036
0.503525983788224, 0.9994872531123736, 0.6696784699581211, 0.506488106333252, 0.3627289903885649, 0.422720446127795, 0.5719325888881277, 0.17107231409192433, 0.2633679295876842
0.0, 0.0, 0.0, 0.3206350058271484, 0.85709454612531, 0.46668526630025386, 0.5600050690660245, 0.18134438608010506, 0.2739700548684088
0.5033849104661535, 0.9995597600180192, 0.669569958473783, 0.5094906311303524, 0.38686513806706113, 0.43979002563368935, 0.5959977269037181, 0.15062267905869803, 0.24047233004143534
0.5034317621195389, 0.9994570061573452, 0.669588345316334, 0.5101578346855984, 0.3314389844642802, 0.4018223234624146, 0.5669324498848897, 0.2065526482682433, 0.3027890238416554
0.5019320954852423, 0.9995376791493297, 0.6682785764821442, 0.5281537401012156, 0.3233653133492547, 0.4011339475549256, 0.5899163094509083, 0.23586782424174413, 0.33699430811949305
0.5032533267391002, 0.9995497800061394, 0.6694513070562879, 0.49647034966984777, 0.4014778829992211, 0.4439495679274685, 0.5601395730706076, 0.11230683758925081, 0.1871004233584149
0.5021502825791015, 0.9995073335454536, 0.6684651475681037, 0.5141293707976956, 0.32936520174762274, 0.4015113539525791, 0.5741001241208109, 0.21283079062538346, 0.3105385263817502
0.5018636354276065, 0.9995590964553406, 0.6682226814865082, 0.5102131886165052, 0.3646952298637692, 0.4253526704548864, 0.5833535971098065, 0.17173390601830546, 0.26535094649685553
0.5018437225636523, 0.9995371179937665, 0.6682001189628911, 0.5065187163566778, 0.3771990978060283, 0.432396857389659, 0.5766401097853848, 0.15476300093101297, 0.24403110279408918
0.5035753504462099, 0.9994883706652204, 0.669722380302646, 0.5541693877091449, 0.2529318053342926, 0.3473345471482407, 0.5745113254258581, 0.31900531401957366, 0.4102266430964882
0.5027086873680416, 0.9994676113153071, 0.6689508433751452, 0.49728008016605824, 0.42890656349998457, 0.4605695660580615, 0.5964512565589616, 0.08847989512280055, 0.15409999821622875
