0.7462769230769231, 0.8316332712983787, 0.7454612324619575, 0.7284109703624788
0.7431846153846153, 0.8294807947239455, 0.7441825010678278, 0.7257024710986886
0.7453846153846154, 0.8310853629819351, 0.7449223691437636, 0.727530944898556
0.7447435897435898, 0.8306098609374326, 0.7446390281575221, 0.7269652154869373
0.7427230769230769, 0.8296461057798616, 0.7430099424274689, 0.7247144762198717
0.7447897435897436, 0.830831912049214, 0.7445437835938327, 0.7269158372147911
0.7431435897435897, 0.8295174191312129, 0.7439744620381029, 0.7255583325054691
0.7446051282051283, 0.8305381665846876, 0.7448037703601923, 0.726953688380539
0.7444512820512821, 0.8304478778535731, 0.7444015710431524, 0.7266425992547747
0.7437846153846154, 0.8301175136318562, 0.7438632783144721, 0.7259018319626025
0.743774358974359, 0.8298785901259438, 0.7441121030658259, 0.726060918393123
0.7457538461538461, 0.8309793043970019, 0.7458032839694922, 0.7282861936241566
0.7446974358974359, 0.8304194162191383, 0.7450471973772492, 0.7271693339640799
0.7446358974358974, 0.8306649456747165, 0.7443165677746529, 0.7267066850662163
0.7439743589743589, 0.8304709080015186, 0.7433859566215657, 0.7257441864752194
0.7448153846153847, 0.8310453166401977, 0.7439291249902912, 0.7265830891569003
0.7441948717948718, 0.8300116139057547, 0.7449286073170558, 0.7267837652155734
0.7461025641025641, 0.8318140626305011, 0.7447749023632245, 0.7278919029477053
0.7448615384615385, 0.8305968070383934, 0.7448850411398489, 0.7271852023016687
0.7430205128205128, 0.8298495280458774, 0.7429652530858831, 0.7248888331651979
0.7451538461538462, 0.831092267691389, 0.7445050386890624, 0.7271357505356986
0.743748717948718, 0.8301501205479086, 0.7437592114556368, 0.7258149873033355
0.7439384615384615, 0.8299920847563713, 0.7443100432102786, 0.7262714593078854
0.7444871794871795, 0.8304733037994259, 0.7446728334933075, 0.7268054930041974
0.744574358974359, 0.8308231093000995, 0.7438479610477531, 0.7263907840973621
0.7449846153846154, 0.8308121398396786, 0.7448095425062498, 0.7272069878419617
0.743425641025641, 0.8298471105738746, 0.7437849920947289, 0.7256268390036573
0.7442102564102564, 0.8302917223183258, 0.7444902225555353, 0.7265261878195182
0.7447025641025641, 0.830905590420635, 0.7440683189077741, 0.7265907895699497
0.7436307692307692, 0.8299619024267111, 0.7439977280584321, 0.7258768153090179
0.744523076923077, 0.8306078876571412, 0.7441774119707798, 0.72655671890917
0.7429641025641026, 0.8293719800369761, 0.743926169380337, 0.725417555490698
0.7436666666666667, 0.8299903121292618, 0.7438108825801888, 0.7258040734021254
0.7439076923076923, 0.8302902552455274, 0.7436479165278874, 0.7258579235253078
0.7437897435897436, 0.830532284314385, 0.7429133345343066, 0.7253451899285814
0.7451692307692308, 0.8308491078947786, 0.7449890951629804, 0.7274365222595196
0.7437076923076923, 0.8301615605976891, 0.7438231289984566, 0.7258141605635249
0.7434461538461539, 0.8297458519503328, 0.7442502390365053, 0.7258975752573342
0.7459846153846154, 0.8315823282551311, 0.7451598647924743, 0.7280375340425962
0.7428153846153847, 0.8299614595120466, 0.7423801403076208, 0.724407333856991
0.7447692307692307, 0.830853982531886, 0.7443005446031558, 0.7267709464045884
0.7444820512820512, 0.8305980545471119, 0.7442254181765593, 0.7265512616616561
0.7469128205128205, 0.8316078662249424, 0.7465704786055509, 0.729476645637388
0.7449282051282051, 0.8308611932337486, 0.7445829783157201, 0.727038696431997
0.7456153846153846, 0.8311099175136438, 0.7452241938245219, 0.7278611440680998
0.7461435897435897, 0.8316925633090702, 0.7450969838096088, 0.7281102115464676
0.7432153846153846, 0.8298631979893987, 0.7433257486628924, 0.7252242723405826
0.7455692307692308, 0.8312569084170367, 0.7449424545625649, 0.7276565131394452
0.7445179487179487, 0.8301366716759075, 0.7452689266099513, 0.7271883836927144
0.7447282051282051, 0.8306566428237996, 0.7448222995702511, 0.7270395833730774
0.7441538461538462, 0.8301591335162996, 0.7444023698336766, 0.7264590122347603
0.7452717948717948, 0.8307947260422575, 0.7453630409540802, 0.7277165000935091
0.7448923076923077, 0.8307699622972671, 0.7444188895628919, 0.7269411572322679
0.7448923076923077, 0.8303283045057642, 0.7456240685046231, 0.7276294633364366
0.7443641025641026, 0.8307319012809495, 0.7435030085499195, 0.7260637891267372
0.7458615384615385, 0.8312476548867894, 0.7456818205592266, 0.7282643437782541
0.7444461538461539, 0.8306143511252484, 0.7440505056773785, 0.7264304829024502
0.7437692307692307, 0.8302981061100758, 0.7436327038298837, 0.7257413686828766
0.7459435897435898, 0.8314374692657243, 0.7454325641064965, 0.7281695700184492
0.7457282051282051, 0.8309982344672644, 0.7456657284947755, 0.7281930136839363
0.7434410256410257, 0.8295987669310749, 0.7445319248296517, 0.7260610898974574
0.7457384615384616, 0.8308863246150575, 0.7461751132198706, 0.7284781916735383
0.7451025641025641, 0.830888935902148, 0.7449562952986658, 0.7273614019553268
0.7455897435897436, 0.8314937068538915, 0.7445222917721265, 0.7274166415480019
0.7444051282051282, 0.8306238849062955, 0.7441404873085719, 0.7264435591372803
0.7455794871794872, 0.831157790872397, 0.744890279539558, 0.7276536866095143
0.7455076923076923, 0.8306641842232321, 0.7459652930462504, 0.7282280042763465
0.744574358974359, 0.8305141950421098, 0.7445612837463808, 0.7268094274913812
0.7429282051282051, 0.8295844232471601, 0.7434115609143255, 0.7250910555342397
0.7462205128205128, 0.8317070678077543, 0.7452841032437092, 0.7282640273136489
0.7438974358974358, 0.829966759204652, 0.7444781861262775, 0.7263296118308844
0.7438102564102564, 0.8302372233486118, 0.7437472848282378, 0.7258423401687464
0.7433897435897436, 0.8300799855543969, 0.743350318974761, 0.7253367276800036
0.7439025641025641, 0.8301032707637432, 0.7441330649379572, 0.7261345514813107
0.7432974358974359, 0.829747148943604, 0.743842983260784, 0.7255732090318533
0.7451641025641026, 0.8309772319329014, 0.7448557837603611, 0.7273431995250157
0.7442666666666666, 0.8304953405003399, 0.7440281804389073, 0.7262992165447768
0.7441794871794872, 0.8301186439154062, 0.7446108322976894, 0.7265922709554291
0.7440615384615384, 0.8300662985803612, 0.7444512687508342, 0.7264274046337873
0.7443282051282051, 0.8305397470349604, 0.7440714069230024, 0.7263620000809063
0.7442512820512821, 0.8301664251624125, 0.7446668673160366, 0.7266690016000442
0.7435384615384616, 0.8301332601855556, 0.7434833001316119, 0.7255121281025425
0.7456153846153846, 0.83145785548226, 0.7444617359277176, 0.7274108415186135
0.7452153846153846, 0.8308760723130117, 0.7451057695060174, 0.7275277969986189
0.7448, 0.8306140157638764, 0.7447216073898169, 0.7270507619193922
0.7439897435897436, 0.8301293030219565, 0.7442698726780562, 0.7262682880887847
0.7455333333333334, 0.8310572179220166, 0.7453299416265473, 0.7278602123174949
0.7442051282051282, 0.8299791105437904, 0.7451289364973366, 0.7268987946415129
0.7462102564102564, 0.8316178822861898, 0.7452323456461387, 0.7282438378253332
0.7433948717948718, 0.8297617311225671, 0.7440474847272164, 0.7257514272215684
0.7445589743589743, 0.8306073800009455, 0.7440561309543944, 0.7265219652849919
0.7453846153846154, 0.8309654127902217, 0.7453481044668748, 0.727768829392057
0.7453384615384615, 0.8308829735616267, 0.7455078903111991, 0.7278278959801503
0.7461794871794872, 0.8316640948048357, 0.7450626187561609, 0.7281248080020233
0.7452051282051282, 0.8305592042000552, 0.7457881480779611, 0.7279191709009658
0.7446358974358974, 0.8305308328636791, 0.7447326046063312, 0.7269424040088746
0.7451128205128205, 0.8310299120327459, 0.7444797488717436, 0.7271010643946105
0.7432358974358975, 0.8296062323534025, 0.7439776751009095, 0.7256173600903826
0.7452051282051282, 0.8308315288431187, 0.7448657276245414, 0.7274039152207177
0.7444666666666667, 0.8301391835266441, 0.7453298416918118, 0.7271787800722851
